biome,site,value,disturbance_ha,openforest_ha,year,cluster,x,y
boreal,AIGUEBELLE,1,0,864,2001,2,-78.74459537800524,48.50957231070758
boreal,AIGUEBELLE,2,0,864,2002,2,-78.74459537800524,48.50957231070758
boreal,AIGUEBELLE,3,0,864,2003,2,-78.74459537800524,48.50957231070758
boreal,AIGUEBELLE,4,0,864,2004,2,-78.74459537800524,48.50957231070758
boreal,AIGUEBELLE,5,0,864,2005,2,-78.74459537800524,48.50957231070758
boreal,AIGUEBELLE,6,0,864,2006,2,-78.74459537800524,48.50957231070758
boreal,AIGUEBELLE,7,0,864,2007,2,-78.74459537800524,48.50957231070758
boreal,AIGUEBELLE,8,0,864,2008,2,-78.74459537800524,48.50957231070758
boreal,AIGUEBELLE,9,0,864,2009,2,-78.74459537800524,48.50957231070758
boreal,AIGUEBELLE,10,0,864,2010,2,-78.74459537800524,48.50957231070758
boreal,AIGUEBELLE,11,0,864,2011,2,-78.74459537800524,48.50957231070758
boreal,AIGUEBELLE,12,0,864,2012,2,-78.74459537800524,48.50957231070758
boreal,AIGUEBELLE,13,0,864,2013,2,-78.74459537800524,48.50957231070758
boreal,AIGUEBELLE,14,0,864,2014,2,-78.74459537800524,48.50957231070758
boreal,AKUMUNAN,1,0,864,2001,2,-70.11807932292275,48.678370533021216
boreal,AKUMUNAN,2,4.859999999999999,864,2002,2,-70.11807932292275,48.678370533021216
boreal,AKUMUNAN,3,0,864,2003,2,-70.11807932292275,48.678370533021216
boreal,AKUMUNAN,4,0,864,2004,2,-70.11807932292275,48.678370533021216
boreal,AKUMUNAN,5,0,864,2005,2,-70.11807932292275,48.678370533021216
boreal,AKUMUNAN,6,0,864,2006,2,-70.11807932292275,48.678370533021216
boreal,AKUMUNAN,7,0.09,864,2007,2,-70.11807932292275,48.678370533021216
boreal,AKUMUNAN,8,0.18,864,2008,2,-70.11807932292275,48.678370533021216
boreal,AKUMUNAN,9,1.08,864,2009,2,-70.11807932292275,48.678370533021216
boreal,AKUMUNAN,10,0,864,2010,2,-70.11807932292275,48.678370533021216
boreal,AKUMUNAN,11,0.44999999999999996,864,2011,2,-70.11807932292275,48.678370533021216
boreal,AKUMUNAN,12,0,864,2012,2,-70.11807932292275,48.678370533021216
boreal,AKUMUNAN,13,0.09,864,2013,2,-70.11807932292275,48.678370533021216
boreal,AKUMUNAN,14,1.17,864,2014,2,-70.11807932292275,48.678370533021216
boreal,ASSINICA,1,3.96,94464,2001,3,-75.12814285786246,50.34610084850191
boreal,ASSINICA,2,4.95,94464,2002,3,-75.12814285786246,50.34610084850191
boreal,ASSINICA,3,1.3499999999999999,94464,2003,3,-75.12814285786246,50.34610084850191
boreal,ASSINICA,4,2.6999999999999997,94464,2004,3,-75.12814285786246,50.34610084850191
boreal,ASSINICA,5,190.17,94464,2005,3,-75.12814285786246,50.34610084850191
boreal,ASSINICA,6,59.94,94464,2006,3,-75.12814285786246,50.34610084850191
boreal,ASSINICA,7,33.12,94464,2007,3,-75.12814285786246,50.34610084850191
boreal,ASSINICA,8,21.24,94464,2008,3,-75.12814285786246,50.34610084850191
boreal,ASSINICA,9,12.87,94464,2009,3,-75.12814285786246,50.34610084850191
boreal,ASSINICA,10,11.61,94464,2010,3,-75.12814285786246,50.34610084850191
boreal,ASSINICA,11,1.89,94464,2011,3,-75.12814285786246,50.34610084850191
boreal,ASSINICA,12,18.45,94464,2012,3,-75.12814285786246,50.34610084850191
boreal,ASSINICA,13,0.18,94464,2013,3,-75.12814285786246,50.34610084850191
boreal,ASSINICA,14,0.8099999999999999,94464,2014,3,-75.12814285786246,50.34610084850191
boreal,BEKKARFJORD,1,0.18,1584,2001,3,27.376787890514166,70.55448908749581
boreal,BEKKARFJORD,2,0.8099999999999999,1584,2002,3,27.376787890514166,70.55448908749581
boreal,BEKKARFJORD,3,1.17,1584,2003,3,27.376787890514166,70.55448908749581
boreal,BEKKARFJORD,4,61.65,1584,2004,3,27.376787890514166,70.55448908749581
boreal,BEKKARFJORD,5,3.42,1584,2005,3,27.376787890514166,70.55448908749581
boreal,BEKKARFJORD,6,0.72,1584,2006,3,27.376787890514166,70.55448908749581
boreal,BEKKARFJORD,7,0,1584,2007,3,27.376787890514166,70.55448908749581
boreal,BEKKARFJORD,8,0.18,1584,2008,3,27.376787890514166,70.55448908749581
boreal,BEKKARFJORD,9,0.36,1584,2009,3,27.376787890514166,70.55448908749581
boreal,BEKKARFJORD,10,0,1584,2010,3,27.376787890514166,70.55448908749581
boreal,BEKKARFJORD,11,0.36,1584,2011,3,27.376787890514166,70.55448908749581
boreal,BEKKARFJORD,12,0,1584,2012,3,27.376787890514166,70.55448908749581
boreal,BEKKARFJORD,13,0.09,1584,2013,3,27.376787890514166,70.55448908749581
boreal,BEKKARFJORD,14,0,1584,2014,3,27.376787890514166,70.55448908749581
boreal,BROADBACK,1,4.77,133488,2001,3,-77.21444887447923,50.96609354683325
boreal,BROADBACK,2,25.2,133488,2002,3,-77.21444887447923,50.96609354683325
boreal,BROADBACK,3,0.09,133488,2003,3,-77.21444887447923,50.96609354683325
boreal,BROADBACK,4,12.24,133488,2004,3,-77.21444887447923,50.96609354683325
boreal,BROADBACK,5,624.3299999999999,133488,2005,3,-77.21444887447923,50.96609354683325
boreal,BROADBACK,6,228.6,133488,2006,3,-77.21444887447923,50.96609354683325
boreal,BROADBACK,7,41.129999999999995,133488,2007,3,-77.21444887447923,50.96609354683325
boreal,BROADBACK,8,38.699999999999996,133488,2008,3,-77.21444887447923,50.96609354683325
boreal,BROADBACK,9,36.18,133488,2009,3,-77.21444887447923,50.96609354683325
boreal,BROADBACK,10,1849.4099999999999,133488,2010,3,-77.21444887447923,50.96609354683325
boreal,BROADBACK,11,769.68,133488,2011,3,-77.21444887447923,50.96609354683325
boreal,BROADBACK,12,566.8199999999999,133488,2012,3,-77.21444887447923,50.96609354683325
boreal,BROADBACK,13,1778.76,133488,2013,3,-77.21444887447923,50.96609354683325
boreal,BROADBACK,14,131.57999999999998,133488,2014,3,-77.21444887447923,50.96609354683325
boreal,CARTIER,1,0,288,2001,2,-71.34785213179656,47.31721033605456
boreal,CARTIER,2,0,288,2002,2,-71.34785213179656,47.31721033605456
boreal,CARTIER,3,0,288,2003,2,-71.34785213179656,47.31721033605456
boreal,CARTIER,4,0,288,2004,2,-71.34785213179656,47.31721033605456
boreal,CARTIER,5,0,288,2005,2,-71.34785213179656,47.31721033605456
boreal,CARTIER,6,0,288,2006,2,-71.34785213179656,47.31721033605456
boreal,CARTIER,7,0,288,2007,2,-71.34785213179656,47.31721033605456
boreal,CARTIER,8,0,288,2008,2,-71.34785213179656,47.31721033605456
boreal,CARTIER,9,0,288,2009,2,-71.34785213179656,47.31721033605456
boreal,CARTIER,10,0,288,2010,2,-71.34785213179656,47.31721033605456
boreal,CARTIER,11,0,288,2011,2,-71.34785213179656,47.31721033605456
boreal,CARTIER,12,0,288,2012,2,-71.34785213179656,47.31721033605456
boreal,CARTIER,13,0,288,2013,2,-71.34785213179656,47.31721033605456
boreal,CARTIER,14,0,288,2014,2,-71.34785213179656,47.31721033605456
boreal,CENTRALFOR,1,0,0,2001,1,32.904219793807876,56.500150495467864
boreal,CENTRALFOR,2,0,0,2002,1,32.904219793807876,56.500150495467864
boreal,CENTRALFOR,3,0,0,2003,1,32.904219793807876,56.500150495467864
boreal,CENTRALFOR,4,0,0,2004,1,32.904219793807876,56.500150495467864
boreal,CENTRALFOR,5,0,0,2005,1,32.904219793807876,56.500150495467864
boreal,CENTRALFOR,6,0,0,2006,1,32.904219793807876,56.500150495467864
boreal,CENTRALFOR,7,0,0,2007,1,32.904219793807876,56.500150495467864
boreal,CENTRALFOR,8,0,0,2008,1,32.904219793807876,56.500150495467864
boreal,CENTRALFOR,9,0,0,2009,1,32.904219793807876,56.500150495467864
boreal,CENTRALFOR,10,0,0,2010,1,32.904219793807876,56.500150495467864
boreal,CENTRALFOR,11,0,0,2011,1,32.904219793807876,56.500150495467864
boreal,CENTRALFOR,12,0,0,2012,1,32.904219793807876,56.500150495467864
boreal,CENTRALFOR,13,0,0,2013,1,32.904219793807876,56.500150495467864
boreal,CENTRALFOR,14,0,0,2014,1,32.904219793807876,56.500150495467864
boreal,DENALI,1,0.27,136512,2001,3,-151.31823288945975,63.70496598029628
boreal,DENALI,2,1.26,136512,2002,3,-151.31823288945975,63.70496598029628
boreal,DENALI,3,0.09,136512,2003,3,-151.31823288945975,63.70496598029628
boreal,DENALI,4,12.059999999999999,136512,2004,3,-151.31823288945975,63.70496598029628
boreal,DENALI,5,10.53,136512,2005,3,-151.31823288945975,63.70496598029628
boreal,DENALI,6,1.08,136512,2006,3,-151.31823288945975,63.70496598029628
boreal,DENALI,7,2.88,136512,2007,3,-151.31823288945975,63.70496598029628
boreal,DENALI,8,8.28,136512,2008,3,-151.31823288945975,63.70496598029628
boreal,DENALI,9,89.36999999999999,136512,2009,3,-151.31823288945975,63.70496598029628
boreal,DENALI,10,536.22,136512,2010,3,-151.31823288945975,63.70496598029628
boreal,DENALI,11,11.79,136512,2011,3,-151.31823288945975,63.70496598029628
boreal,DENALI,12,214.38,136512,2012,3,-151.31823288945975,63.70496598029628
boreal,DENALI,13,2566.71,136512,2013,3,-151.31823288945975,63.70496598029628
boreal,DENALI,14,14.94,136512,2014,3,-151.31823288945975,63.70496598029628
boreal,DENEZHKIN,1,0.18,3312,2001,3,59.48809548666293,60.5089723572197
boreal,DENEZHKIN,2,1.26,3312,2002,3,59.48809548666293,60.5089723572197
boreal,DENEZHKIN,3,0,3312,2003,3,59.48809548666293,60.5089723572197
boreal,DENEZHKIN,4,0,3312,2004,3,59.48809548666293,60.5089723572197
boreal,DENEZHKIN,5,0,3312,2005,3,59.48809548666293,60.5089723572197
boreal,DENEZHKIN,6,0,3312,2006,3,59.48809548666293,60.5089723572197
boreal,DENEZHKIN,7,0,3312,2007,3,59.48809548666293,60.5089723572197
boreal,DENEZHKIN,8,0.72,3312,2008,3,59.48809548666293,60.5089723572197
boreal,DENEZHKIN,9,0,3312,2009,3,59.48809548666293,60.5089723572197
boreal,DENEZHKIN,10,0,3312,2010,3,59.48809548666293,60.5089723572197
boreal,DENEZHKIN,11,0,3312,2011,3,59.48809548666293,60.5089723572197
boreal,DENEZHKIN,12,0,3312,2012,3,59.48809548666293,60.5089723572197
boreal,DENEZHKIN,13,0.54,3312,2013,3,59.48809548666293,60.5089723572197
boreal,DENEZHKIN,14,0,3312,2014,3,59.48809548666293,60.5089723572197
boreal,FARNEBOFJARDEN,1,0.8999999999999999,4176,2001,1,16.784154196297216,60.2012067962209
boreal,FARNEBOFJARDEN,2,0.36,4176,2002,1,16.784154196297216,60.2012067962209
boreal,FARNEBOFJARDEN,3,0.63,4176,2003,1,16.784154196297216,60.2012067962209
boreal,FARNEBOFJARDEN,4,4.68,4176,2004,1,16.784154196297216,60.2012067962209
boreal,FARNEBOFJARDEN,5,0.72,4176,2005,1,16.784154196297216,60.2012067962209
boreal,FARNEBOFJARDEN,6,0.09,4176,2006,1,16.784154196297216,60.2012067962209
boreal,FARNEBOFJARDEN,7,3.69,4176,2007,1,16.784154196297216,60.2012067962209
boreal,FARNEBOFJARDEN,8,0.44999999999999996,4176,2008,1,16.784154196297216,60.2012067962209
boreal,FARNEBOFJARDEN,9,0.8999999999999999,4176,2009,1,16.784154196297216,60.2012067962209
boreal,FARNEBOFJARDEN,10,0.18,4176,2010,1,16.784154196297216,60.2012067962209
boreal,FARNEBOFJARDEN,11,0.44999999999999996,4176,2011,1,16.784154196297216,60.2012067962209
boreal,FARNEBOFJARDEN,12,2.34,4176,2012,1,16.784154196297216,60.2012067962209
boreal,FARNEBOFJARDEN,13,0.63,4176,2013,1,16.784154196297216,60.2012067962209
boreal,FARNEBOFJARDEN,14,0,4176,2014,1,16.784154196297216,60.2012067962209
boreal,FULUFJALLET,1,0.09,8208,2001,1,12.739429569108696,61.54560240517525
boreal,FULUFJALLET,2,0,8208,2002,1,12.739429569108696,61.54560240517525
boreal,FULUFJALLET,3,0,8208,2003,1,12.739429569108696,61.54560240517525
boreal,FULUFJALLET,4,0.63,8208,2004,1,12.739429569108696,61.54560240517525
boreal,FULUFJALLET,5,0.27,8208,2005,1,12.739429569108696,61.54560240517525
boreal,FULUFJALLET,6,0.09,8208,2006,1,12.739429569108696,61.54560240517525
boreal,FULUFJALLET,7,0.09,8208,2007,1,12.739429569108696,61.54560240517525
boreal,FULUFJALLET,8,0.09,8208,2008,1,12.739429569108696,61.54560240517525
boreal,FULUFJALLET,9,0.09,8208,2009,1,12.739429569108696,61.54560240517525
boreal,FULUFJALLET,10,0.36,8208,2010,1,12.739429569108696,61.54560240517525
boreal,FULUFJALLET,11,0.36,8208,2011,1,12.739429569108696,61.54560240517525
boreal,FULUFJALLET,12,0.36,8208,2012,1,12.739429569108696,61.54560240517525
boreal,FULUFJALLET,13,0.18,8208,2013,1,12.739429569108696,61.54560240517525
boreal,FULUFJALLET,14,0,8208,2014,1,12.739429569108696,61.54560240517525
boreal,GASPESIE,1,0.18,2736,2001,2,-66.3635944596967,48.919246317512396
boreal,GASPESIE,2,0.09,2736,2002,2,-66.3635944596967,48.919246317512396
boreal,GASPESIE,3,0,2736,2003,2,-66.3635944596967,48.919246317512396
boreal,GASPESIE,4,0.09,2736,2004,2,-66.3635944596967,48.919246317512396
boreal,GASPESIE,5,0.09,2736,2005,2,-66.3635944596967,48.919246317512396
boreal,GASPESIE,6,0.09,2736,2006,2,-66.3635944596967,48.919246317512396
boreal,GASPESIE,7,0,2736,2007,2,-66.3635944596967,48.919246317512396
boreal,GASPESIE,8,0,2736,2008,2,-66.3635944596967,48.919246317512396
boreal,GASPESIE,9,0.18,2736,2009,2,-66.3635944596967,48.919246317512396
boreal,GASPESIE,10,0.27,2736,2010,2,-66.3635944596967,48.919246317512396
boreal,GASPESIE,11,0.18,2736,2011,2,-66.3635944596967,48.919246317512396
boreal,GASPESIE,12,0.36,2736,2012,2,-66.3635944596967,48.919246317512396
boreal,GASPESIE,13,0.99,2736,2013,2,-66.3635944596967,48.919246317512396
boreal,GASPESIE,14,0.72,2736,2014,2,-66.3635944596967,48.919246317512396
boreal,GODBOUT,1,0,864,2001,2,-67.84602097188683,49.64752341291868
boreal,GODBOUT,2,0,864,2002,2,-67.84602097188683,49.64752341291868
boreal,GODBOUT,3,0,864,2003,2,-67.84602097188683,49.64752341291868
boreal,GODBOUT,4,0,864,2004,2,-67.84602097188683,49.64752341291868
boreal,GODBOUT,5,0,864,2005,2,-67.84602097188683,49.64752341291868
boreal,GODBOUT,6,0,864,2006,2,-67.84602097188683,49.64752341291868
boreal,GODBOUT,7,0,864,2007,2,-67.84602097188683,49.64752341291868
boreal,GODBOUT,8,0,864,2008,2,-67.84602097188683,49.64752341291868
boreal,GODBOUT,9,0,864,2009,2,-67.84602097188683,49.64752341291868
boreal,GODBOUT,10,0,864,2010,2,-67.84602097188683,49.64752341291868
boreal,GODBOUT,11,0,864,2011,2,-67.84602097188683,49.64752341291868
boreal,GODBOUT,12,0,864,2012,2,-67.84602097188683,49.64752341291868
boreal,GODBOUT,13,0,864,2013,2,-67.84602097188683,49.64752341291868
boreal,GODBOUT,14,0,864,2014,2,-67.84602097188683,49.64752341291868
boreal,GRIDINO,1,0,3456,2001,2,34.63680250634943,65.91443761097501
boreal,GRIDINO,2,0.09,3456,2002,2,34.63680250634943,65.91443761097501
boreal,GRIDINO,3,0,3456,2003,2,34.63680250634943,65.91443761097501
boreal,GRIDINO,4,0,3456,2004,2,34.63680250634943,65.91443761097501
boreal,GRIDINO,5,0.09,3456,2005,2,34.63680250634943,65.91443761097501
boreal,GRIDINO,6,0.09,3456,2006,2,34.63680250634943,65.91443761097501
boreal,GRIDINO,7,0.36,3456,2007,2,34.63680250634943,65.91443761097501
boreal,GRIDINO,8,0,3456,2008,2,34.63680250634943,65.91443761097501
boreal,GRIDINO,9,0.36,3456,2009,2,34.63680250634943,65.91443761097501
boreal,GRIDINO,10,0,3456,2010,2,34.63680250634943,65.91443761097501
boreal,GRIDINO,11,14.04,3456,2011,2,34.63680250634943,65.91443761097501
boreal,GRIDINO,12,3.78,3456,2012,2,34.63680250634943,65.91443761097501
boreal,GRIDINO,13,1.08,3456,2013,2,34.63680250634943,65.91443761097501
boreal,GRIDINO,14,2.61,3456,2014,2,34.63680250634943,65.91443761097501
boreal,GUERNESE,1,0.18,36720,2001,2,-57.895799136789165,51.87080683037174
boreal,GUERNESE,2,0.18,36720,2002,2,-57.895799136789165,51.87080683037174
boreal,GUERNESE,3,0,36720,2003,2,-57.895799136789165,51.87080683037174
boreal,GUERNESE,4,0.27,36720,2004,2,-57.895799136789165,51.87080683037174
boreal,GUERNESE,5,4.32,36720,2005,2,-57.895799136789165,51.87080683037174
boreal,GUERNESE,6,0.18,36720,2006,2,-57.895799136789165,51.87080683037174
boreal,GUERNESE,7,0.09,36720,2007,2,-57.895799136789165,51.87080683037174
boreal,GUERNESE,8,0.99,36720,2008,2,-57.895799136789165,51.87080683037174
boreal,GUERNESE,9,0.36,36720,2009,2,-57.895799136789165,51.87080683037174
boreal,GUERNESE,10,0.18,36720,2010,2,-57.895799136789165,51.87080683037174
boreal,GUERNESE,11,0.18,36720,2011,2,-57.895799136789165,51.87080683037174
boreal,GUERNESE,12,2.16,36720,2012,2,-57.895799136789165,51.87080683037174
boreal,GUERNESE,13,0.54,36720,2013,2,-57.895799136789165,51.87080683037174
boreal,GUERNESE,14,0.09,36720,2014,2,-57.895799136789165,51.87080683037174
boreal,KIVACH,1,0,0,2001,1,34.0181298039842,62.26525627915287
boreal,KIVACH,2,0,0,2002,1,34.0181298039842,62.26525627915287
boreal,KIVACH,3,0,0,2003,1,34.0181298039842,62.26525627915287
boreal,KIVACH,4,0,0,2004,1,34.0181298039842,62.26525627915287
boreal,KIVACH,5,0,0,2005,1,34.0181298039842,62.26525627915287
boreal,KIVACH,6,0,0,2006,1,34.0181298039842,62.26525627915287
boreal,KIVACH,7,0,0,2007,1,34.0181298039842,62.26525627915287
boreal,KIVACH,8,0,0,2008,1,34.0181298039842,62.26525627915287
boreal,KIVACH,9,0,0,2009,1,34.0181298039842,62.26525627915287
boreal,KIVACH,10,0,0,2010,1,34.0181298039842,62.26525627915287
boreal,KIVACH,11,0,0,2011,1,34.0181298039842,62.26525627915287
boreal,KIVACH,12,0,0,2012,1,34.0181298039842,62.26525627915287
boreal,KIVACH,13,0,0,2013,1,34.0181298039842,62.26525627915287
boreal,KIVACH,14,0,0,2014,1,34.0181298039842,62.26525627915287
boreal,KLUANE,1,26.73,158832,2001,1,-139.20245547778103,60.63155201858082
boreal,KLUANE,2,8.549999999999999,158832,2002,1,-139.20245547778103,60.63155201858082
boreal,KLUANE,3,10.44,158832,2003,1,-139.20245547778103,60.63155201858082
boreal,KLUANE,4,34.199999999999996,158832,2004,1,-139.20245547778103,60.63155201858082
boreal,KLUANE,5,0.99,158832,2005,1,-139.20245547778103,60.63155201858082
boreal,KLUANE,6,12.42,158832,2006,1,-139.20245547778103,60.63155201858082
boreal,KLUANE,7,20.61,158832,2007,1,-139.20245547778103,60.63155201858082
boreal,KLUANE,8,37.98,158832,2008,1,-139.20245547778103,60.63155201858082
boreal,KLUANE,9,12.6,158832,2009,1,-139.20245547778103,60.63155201858082
boreal,KLUANE,10,22.41,158832,2010,1,-139.20245547778103,60.63155201858082
boreal,KLUANE,11,24.93,158832,2011,1,-139.20245547778103,60.63155201858082
boreal,KLUANE,12,22.77,158832,2012,1,-139.20245547778103,60.63155201858082
boreal,KLUANE,13,39.51,158832,2013,1,-139.20245547778103,60.63155201858082
boreal,KLUANE,14,19.71,158832,2014,1,-139.20245547778103,60.63155201858082
boreal,KOOTENAY,1,202.14,25920,2001,3,-116.0313811570884,50.93531752049903
boreal,KOOTENAY,2,278.64,25920,2002,3,-116.0313811570884,50.93531752049903
boreal,KOOTENAY,3,67.5,25920,2003,3,-116.0313811570884,50.93531752049903
boreal,KOOTENAY,4,1004.4,25920,2004,3,-116.0313811570884,50.93531752049903
boreal,KOOTENAY,5,2.88,25920,2005,3,-116.0313811570884,50.93531752049903
boreal,KOOTENAY,6,7.47,25920,2006,3,-116.0313811570884,50.93531752049903
boreal,KOOTENAY,7,15.93,25920,2007,3,-116.0313811570884,50.93531752049903
boreal,KOOTENAY,8,82.53,25920,2008,3,-116.0313811570884,50.93531752049903
boreal,KOOTENAY,9,0.27,25920,2009,3,-116.0313811570884,50.93531752049903
boreal,KOOTENAY,10,4.859999999999999,25920,2010,3,-116.0313811570884,50.93531752049903
boreal,KOOTENAY,11,2.6999999999999997,25920,2011,3,-116.0313811570884,50.93531752049903
boreal,KOOTENAY,12,25.74,25920,2012,3,-116.0313811570884,50.93531752049903
boreal,KOOTENAY,13,49.86,25920,2013,3,-116.0313811570884,50.93531752049903
boreal,KOOTENAY,14,65.52,25920,2014,3,-116.0313811570884,50.93531752049903
boreal,LAHEMAA,1,0,0,2001,2,26.037399507301718,59.58148028056476
boreal,LAHEMAA,2,0,0,2002,2,26.037399507301718,59.58148028056476
boreal,LAHEMAA,3,0,0,2003,2,26.037399507301718,59.58148028056476
boreal,LAHEMAA,4,0,0,2004,2,26.037399507301718,59.58148028056476
boreal,LAHEMAA,5,0,0,2005,2,26.037399507301718,59.58148028056476
boreal,LAHEMAA,6,0,0,2006,2,26.037399507301718,59.58148028056476
boreal,LAHEMAA,7,0,0,2007,2,26.037399507301718,59.58148028056476
boreal,LAHEMAA,8,0,0,2008,2,26.037399507301718,59.58148028056476
boreal,LAHEMAA,9,0,0,2009,2,26.037399507301718,59.58148028056476
boreal,LAHEMAA,10,0,0,2010,2,26.037399507301718,59.58148028056476
boreal,LAHEMAA,11,0,0,2011,2,26.037399507301718,59.58148028056476
boreal,LAHEMAA,12,0,0,2012,2,26.037399507301718,59.58148028056476
boreal,LAHEMAA,13,0,0,2013,2,26.037399507301718,59.58148028056476
boreal,LAHEMAA,14,0,0,2014,2,26.037399507301718,59.58148028056476
boreal,MALTIO,1,1.3499999999999999,9360,2001,1,28.71938564936895,67.39581934033298
boreal,MALTIO,2,0.27,9360,2002,1,28.71938564936895,67.39581934033298
boreal,MALTIO,3,0.09,9360,2003,1,28.71938564936895,67.39581934033298
boreal,MALTIO,4,0,9360,2004,1,28.71938564936895,67.39581934033298
boreal,MALTIO,5,0,9360,2005,1,28.71938564936895,67.39581934033298
boreal,MALTIO,6,0.27,9360,2006,1,28.71938564936895,67.39581934033298
boreal,MALTIO,7,0.09,9360,2007,1,28.71938564936895,67.39581934033298
boreal,MALTIO,8,0,9360,2008,1,28.71938564936895,67.39581934033298
boreal,MALTIO,9,0.18,9360,2009,1,28.71938564936895,67.39581934033298
boreal,MALTIO,10,0,9360,2010,1,28.71938564936895,67.39581934033298
boreal,MALTIO,11,0.63,9360,2011,1,28.71938564936895,67.39581934033298
boreal,MALTIO,12,0.18,9360,2012,1,28.71938564936895,67.39581934033298
boreal,MALTIO,13,0.09,9360,2013,1,28.71938564936895,67.39581934033298
boreal,MALTIO,14,0.36,9360,2014,1,28.71938564936895,67.39581934033298
boreal,MPECHORO,1,33.12,48240,2001,2,58.81045237460245,62.50991174383526
boreal,MPECHORO,2,29.52,48240,2002,2,58.81045237460245,62.50991174383526
boreal,MPECHORO,3,3.5999999999999996,48240,2003,2,58.81045237460245,62.50991174383526
boreal,MPECHORO,4,11.79,48240,2004,2,58.81045237460245,62.50991174383526
boreal,MPECHORO,5,5.13,48240,2005,2,58.81045237460245,62.50991174383526
boreal,MPECHORO,6,25.02,48240,2006,2,58.81045237460245,62.50991174383526
boreal,MPECHORO,7,7.199999999999999,48240,2007,2,58.81045237460245,62.50991174383526
boreal,MPECHORO,8,8.549999999999999,48240,2008,2,58.81045237460245,62.50991174383526
boreal,MPECHORO,9,5.22,48240,2009,2,58.81045237460245,62.50991174383526
boreal,MPECHORO,10,41.04,48240,2010,2,58.81045237460245,62.50991174383526
boreal,MPECHORO,11,6.93,48240,2011,2,58.81045237460245,62.50991174383526
boreal,MPECHORO,12,10.889999999999999,48240,2012,2,58.81045237460245,62.50991174383526
boreal,MPECHORO,13,1.17,48240,2013,2,58.81045237460245,62.50991174383526
boreal,MPECHORO,14,1.3499999999999999,48240,2014,2,58.81045237460245,62.50991174383526
boreal,MUDDUS,1,0,46080,2001,2,20.197333506389757,66.91631560674142
boreal,MUDDUS,2,0.18,46080,2002,2,20.197333506389757,66.91631560674142
boreal,MUDDUS,3,0.09,46080,2003,2,20.197333506389757,66.91631560674142
boreal,MUDDUS,4,1.6199999999999999,46080,2004,2,20.197333506389757,66.91631560674142
boreal,MUDDUS,5,0.18,46080,2005,2,20.197333506389757,66.91631560674142
boreal,MUDDUS,6,1.26,46080,2006,2,20.197333506389757,66.91631560674142
boreal,MUDDUS,7,0.63,46080,2007,2,20.197333506389757,66.91631560674142
boreal,MUDDUS,8,43.11,46080,2008,2,20.197333506389757,66.91631560674142
boreal,MUDDUS,9,0.09,46080,2009,2,20.197333506389757,66.91631560674142
boreal,MUDDUS,10,1.17,46080,2010,2,20.197333506389757,66.91631560674142
boreal,MUDDUS,11,1.53,46080,2011,2,20.197333506389757,66.91631560674142
boreal,MUDDUS,12,12.78,46080,2012,2,20.197333506389757,66.91631560674142
boreal,MUDDUS,13,6.93,46080,2013,2,20.197333506389757,66.91631560674142
boreal,MUDDUS,14,3.51,46080,2014,2,20.197333506389757,66.91631560674142
boreal,NAHANNI,1,323.19,1046592,2001,3,-125.88845506098424,61.609321488469774
boreal,NAHANNI,2,455.66999999999996,1046592,2002,3,-125.88845506098424,61.609321488469774
boreal,NAHANNI,3,76.95,1046592,2003,3,-125.88845506098424,61.609321488469774
boreal,NAHANNI,4,987.8399999999999,1046592,2004,3,-125.88845506098424,61.609321488469774
boreal,NAHANNI,5,681.75,1046592,2005,3,-125.88845506098424,61.609321488469774
boreal,NAHANNI,6,223.73999999999998,1046592,2006,3,-125.88845506098424,61.609321488469774
boreal,NAHANNI,7,647.4599999999999,1046592,2007,3,-125.88845506098424,61.609321488469774
boreal,NAHANNI,8,368.01,1046592,2008,3,-125.88845506098424,61.609321488469774
boreal,NAHANNI,9,204.75,1046592,2009,3,-125.88845506098424,61.609321488469774
boreal,NAHANNI,10,249.66,1046592,2010,3,-125.88845506098424,61.609321488469774
boreal,NAHANNI,11,101.52,1046592,2011,3,-125.88845506098424,61.609321488469774
boreal,NAHANNI,12,1711.35,1046592,2012,3,-125.88845506098424,61.609321488469774
boreal,NAHANNI,13,2284.38,1046592,2013,3,-125.88845506098424,61.609321488469774
boreal,NAHANNI,14,584.73,1046592,2014,3,-125.88845506098424,61.609321488469774
boreal,NATASHQUAN,1,8.73,66960,2001,3,-61.62849197152997,51.542174187174844
boreal,NATASHQUAN,2,93.6,66960,2002,3,-61.62849197152997,51.542174187174844
boreal,NATASHQUAN,3,0,66960,2003,3,-61.62849197152997,51.542174187174844
boreal,NATASHQUAN,4,21.33,66960,2004,3,-61.62849197152997,51.542174187174844
boreal,NATASHQUAN,5,2954.6099999999997,66960,2005,3,-61.62849197152997,51.542174187174844
boreal,NATASHQUAN,6,204.03,66960,2006,3,-61.62849197152997,51.542174187174844
boreal,NATASHQUAN,7,570.24,66960,2007,3,-61.62849197152997,51.542174187174844
boreal,NATASHQUAN,8,219.42,66960,2008,3,-61.62849197152997,51.542174187174844
boreal,NATASHQUAN,9,41.4,66960,2009,3,-61.62849197152997,51.542174187174844
boreal,NATASHQUAN,10,42.03,66960,2010,3,-61.62849197152997,51.542174187174844
boreal,NATASHQUAN,11,122.85,66960,2011,3,-61.62849197152997,51.542174187174844
boreal,NATASHQUAN,12,57.419999999999995,66960,2012,3,-61.62849197152997,51.542174187174844
boreal,NATASHQUAN,13,1430.82,66960,2013,3,-61.62849197152997,51.542174187174844
boreal,NATASHQUAN,14,95.67,66960,2014,3,-61.62849197152997,51.542174187174844
boreal,NIQUET,1,0,1296,2001,2,-79.00782764424395,50.132428374507334
boreal,NIQUET,2,0,1296,2002,2,-79.00782764424395,50.132428374507334
boreal,NIQUET,3,0,1296,2003,2,-79.00782764424395,50.132428374507334
boreal,NIQUET,4,0,1296,2004,2,-79.00782764424395,50.132428374507334
boreal,NIQUET,5,0,1296,2005,2,-79.00782764424395,50.132428374507334
boreal,NIQUET,6,0,1296,2006,2,-79.00782764424395,50.132428374507334
boreal,NIQUET,7,0,1296,2007,2,-79.00782764424395,50.132428374507334
boreal,NIQUET,8,0,1296,2008,2,-79.00782764424395,50.132428374507334
boreal,NIQUET,9,0,1296,2009,2,-79.00782764424395,50.132428374507334
boreal,NIQUET,10,0,1296,2010,2,-79.00782764424395,50.132428374507334
boreal,NIQUET,11,0,1296,2011,2,-79.00782764424395,50.132428374507334
boreal,NIQUET,12,0,1296,2012,2,-79.00782764424395,50.132428374507334
boreal,NIQUET,13,0,1296,2013,2,-79.00782764424395,50.132428374507334
boreal,NIQUET,14,0,1296,2014,2,-79.00782764424395,50.132428374507334
boreal,ONEZHKOYE,1,0.44999999999999996,49824,2001,3,37.148441844837535,64.94308389444447
boreal,ONEZHKOYE,2,1.6199999999999999,49824,2002,3,37.148441844837535,64.94308389444447
boreal,ONEZHKOYE,3,0,49824,2003,3,37.148441844837535,64.94308389444447
boreal,ONEZHKOYE,4,1.44,49824,2004,3,37.148441844837535,64.94308389444447
boreal,ONEZHKOYE,5,3.42,49824,2005,3,37.148441844837535,64.94308389444447
boreal,ONEZHKOYE,6,0.44999999999999996,49824,2006,3,37.148441844837535,64.94308389444447
boreal,ONEZHKOYE,7,0.27,49824,2007,3,37.148441844837535,64.94308389444447
boreal,ONEZHKOYE,8,1.44,49824,2008,3,37.148441844837535,64.94308389444447
boreal,ONEZHKOYE,9,1.3499999999999999,49824,2009,3,37.148441844837535,64.94308389444447
boreal,ONEZHKOYE,10,0.54,49824,2010,3,37.148441844837535,64.94308389444447
boreal,ONEZHKOYE,11,182.97,49824,2011,3,37.148441844837535,64.94308389444447
boreal,ONEZHKOYE,12,298.62,49824,2012,3,37.148441844837535,64.94308389444447
boreal,ONEZHKOYE,13,8.19,49824,2013,3,37.148441844837535,64.94308389444447
boreal,ONEZHKOYE,14,3.06,49824,2014,3,37.148441844837535,64.94308389444447
boreal,ONISTAGANE,1,5.22,23040,2001,3,-71.32887934833232,50.940504942683184
boreal,ONISTAGANE,2,1184.04,23040,2002,3,-71.32887934833232,50.940504942683184
boreal,ONISTAGANE,3,770.4,23040,2003,3,-71.32887934833232,50.940504942683184
boreal,ONISTAGANE,4,35.73,23040,2004,3,-71.32887934833232,50.940504942683184
boreal,ONISTAGANE,5,25.74,23040,2005,3,-71.32887934833232,50.940504942683184
boreal,ONISTAGANE,6,0.8099999999999999,23040,2006,3,-71.32887934833232,50.940504942683184
boreal,ONISTAGANE,7,295.11,23040,2007,3,-71.32887934833232,50.940504942683184
boreal,ONISTAGANE,8,13.41,23040,2008,3,-71.32887934833232,50.940504942683184
boreal,ONISTAGANE,9,17.009999999999998,23040,2009,3,-71.32887934833232,50.940504942683184
boreal,ONISTAGANE,10,3.2399999999999998,23040,2010,3,-71.32887934833232,50.940504942683184
boreal,ONISTAGANE,11,19.169999999999998,23040,2011,3,-71.32887934833232,50.940504942683184
boreal,ONISTAGANE,12,1.6199999999999999,23040,2012,3,-71.32887934833232,50.940504942683184
boreal,ONISTAGANE,13,0.09,23040,2013,3,-71.32887934833232,50.940504942683184
boreal,ONISTAGANE,14,0.44999999999999996,23040,2014,3,-71.32887934833232,50.940504942683184
boreal,OSKELANEO,1,0.09,1296,2001,3,-75.2713604517207,48.185365769609156
boreal,OSKELANEO,2,0,1296,2002,3,-75.2713604517207,48.185365769609156
boreal,OSKELANEO,3,0,1296,2003,3,-75.2713604517207,48.185365769609156
boreal,OSKELANEO,4,0,1296,2004,3,-75.2713604517207,48.185365769609156
boreal,OSKELANEO,5,0,1296,2005,3,-75.2713604517207,48.185365769609156
boreal,OSKELANEO,6,0,1296,2006,3,-75.2713604517207,48.185365769609156
boreal,OSKELANEO,7,0,1296,2007,3,-75.2713604517207,48.185365769609156
boreal,OSKELANEO,8,0,1296,2008,3,-75.2713604517207,48.185365769609156
boreal,OSKELANEO,9,0,1296,2009,3,-75.2713604517207,48.185365769609156
boreal,OSKELANEO,10,0,1296,2010,3,-75.2713604517207,48.185365769609156
boreal,OSKELANEO,11,0,1296,2011,3,-75.2713604517207,48.185365769609156
boreal,OSKELANEO,12,0,1296,2012,3,-75.2713604517207,48.185365769609156
boreal,OSKELANEO,13,0.09,1296,2013,3,-75.2713604517207,48.185365769609156
boreal,OSKELANEO,14,0.09,1296,2014,3,-75.2713604517207,48.185365769609156
boreal,PPECHORO,1,0.27,5040,2001,3,57.016014551596996,61.82426849741519
boreal,PPECHORO,2,5.04,5040,2002,3,57.016014551596996,61.82426849741519
boreal,PPECHORO,3,1.17,5040,2003,3,57.016014551596996,61.82426849741519
boreal,PPECHORO,4,22.14,5040,2004,3,57.016014551596996,61.82426849741519
boreal,PPECHORO,5,107.64,5040,2005,3,57.016014551596996,61.82426849741519
boreal,PPECHORO,6,22.05,5040,2006,3,57.016014551596996,61.82426849741519
boreal,PPECHORO,7,0,5040,2007,3,57.016014551596996,61.82426849741519
boreal,PPECHORO,8,3.2399999999999998,5040,2008,3,57.016014551596996,61.82426849741519
boreal,PPECHORO,9,0,5040,2009,3,57.016014551596996,61.82426849741519
boreal,PPECHORO,10,7.47,5040,2010,3,57.016014551596996,61.82426849741519
boreal,PPECHORO,11,1.26,5040,2011,3,57.016014551596996,61.82426849741519
boreal,PPECHORO,12,0,5040,2012,3,57.016014551596996,61.82426849741519
boreal,PPECHORO,13,0,5040,2013,3,57.016014551596996,61.82426849741519
boreal,PPECHORO,14,0,5040,2014,3,57.016014551596996,61.82426849741519
boreal,PRINCEALBERT,1,2.79,28368,2001,3,-106.36967462895886,53.963400742981165
boreal,PRINCEALBERT,2,18.63,28368,2002,3,-106.36967462895886,53.963400742981165
boreal,PRINCEALBERT,3,28.89,28368,2003,3,-106.36967462895886,53.963400742981165
boreal,PRINCEALBERT,4,13.68,28368,2004,3,-106.36967462895886,53.963400742981165
boreal,PRINCEALBERT,5,5.49,28368,2005,3,-106.36967462895886,53.963400742981165
boreal,PRINCEALBERT,6,14.76,28368,2006,3,-106.36967462895886,53.963400742981165
boreal,PRINCEALBERT,7,4.859999999999999,28368,2007,3,-106.36967462895886,53.963400742981165
boreal,PRINCEALBERT,8,4.59,28368,2008,3,-106.36967462895886,53.963400742981165
boreal,PRINCEALBERT,9,78.21,28368,2009,3,-106.36967462895886,53.963400742981165
boreal,PRINCEALBERT,10,15.57,28368,2010,3,-106.36967462895886,53.963400742981165
boreal,PRINCEALBERT,11,19.71,28368,2011,3,-106.36967462895886,53.963400742981165
boreal,PRINCEALBERT,12,36.629999999999995,28368,2012,3,-106.36967462895886,53.963400742981165
boreal,PRINCEALBERT,13,1.6199999999999999,28368,2013,3,-106.36967462895886,53.963400742981165
boreal,PRINCEALBERT,14,0.36,28368,2014,3,-106.36967462895886,53.963400742981165
boreal,PROVENCHER,1,0.09,2448,2001,2,-68.24133893809591,50.11355279267362
boreal,PROVENCHER,2,0.54,2448,2002,2,-68.24133893809591,50.11355279267362
boreal,PROVENCHER,3,0,2448,2003,2,-68.24133893809591,50.11355279267362
boreal,PROVENCHER,4,2.34,2448,2004,2,-68.24133893809591,50.11355279267362
boreal,PROVENCHER,5,5.31,2448,2005,2,-68.24133893809591,50.11355279267362
boreal,PROVENCHER,6,0.09,2448,2006,2,-68.24133893809591,50.11355279267362
boreal,PROVENCHER,7,0.36,2448,2007,2,-68.24133893809591,50.11355279267362
boreal,PROVENCHER,8,0,2448,2008,2,-68.24133893809591,50.11355279267362
boreal,PROVENCHER,9,0.63,2448,2009,2,-68.24133893809591,50.11355279267362
boreal,PROVENCHER,10,0.09,2448,2010,2,-68.24133893809591,50.11355279267362
boreal,PROVENCHER,11,0,2448,2011,2,-68.24133893809591,50.11355279267362
boreal,PROVENCHER,12,0.99,2448,2012,2,-68.24133893809591,50.11355279267362
boreal,PROVENCHER,13,0.36,2448,2013,2,-68.24133893809591,50.11355279267362
boreal,PROVENCHER,14,2.79,2448,2014,2,-68.24133893809591,50.11355279267362
boreal,PUTORANA,1,1.6199999999999999,239472,2001,2,93.94199386221358,69.03081748420199
boreal,PUTORANA,2,2.07,239472,2002,2,93.94199386221358,69.03081748420199
boreal,PUTORANA,3,6.84,239472,2003,2,93.94199386221358,69.03081748420199
boreal,PUTORANA,4,6.029999999999999,239472,2004,2,93.94199386221358,69.03081748420199
boreal,PUTORANA,5,10.44,239472,2005,2,93.94199386221358,69.03081748420199
boreal,PUTORANA,6,2.88,239472,2006,2,93.94199386221358,69.03081748420199
boreal,PUTORANA,7,8.459999999999999,239472,2007,2,93.94199386221358,69.03081748420199
boreal,PUTORANA,8,7.109999999999999,239472,2008,2,93.94199386221358,69.03081748420199
boreal,PUTORANA,9,51.839999999999996,239472,2009,2,93.94199386221358,69.03081748420199
boreal,PUTORANA,10,77.94,239472,2010,2,93.94199386221358,69.03081748420199
boreal,PUTORANA,11,23.58,239472,2011,2,93.94199386221358,69.03081748420199
boreal,PUTORANA,12,33.839999999999996,239472,2012,2,93.94199386221358,69.03081748420199
boreal,PUTORANA,13,134.01,239472,2013,2,93.94199386221358,69.03081748420199
boreal,PUTORANA,14,640.62,239472,2014,2,93.94199386221358,69.03081748420199
boreal,RACINE,1,0.18,25776,2001,3,-68.5000646934181,52.26140223295027
boreal,RACINE,2,342.63,25776,2002,3,-68.5000646934181,52.26140223295027
boreal,RACINE,3,131.85,25776,2003,3,-68.5000646934181,52.26140223295027
boreal,RACINE,4,13.229999999999999,25776,2004,3,-68.5000646934181,52.26140223295027
boreal,RACINE,5,10.17,25776,2005,3,-68.5000646934181,52.26140223295027
boreal,RACINE,6,23.22,25776,2006,3,-68.5000646934181,52.26140223295027
boreal,RACINE,7,0,25776,2007,3,-68.5000646934181,52.26140223295027
boreal,RACINE,8,2.16,25776,2008,3,-68.5000646934181,52.26140223295027
boreal,RACINE,9,1.08,25776,2009,3,-68.5000646934181,52.26140223295027
boreal,RACINE,10,10.889999999999999,25776,2010,3,-68.5000646934181,52.26140223295027
boreal,RACINE,11,109.89,25776,2011,3,-68.5000646934181,52.26140223295027
boreal,RACINE,12,5.22,25776,2012,3,-68.5000646934181,52.26140223295027
boreal,RACINE,13,0.27,25776,2013,3,-68.5000646934181,52.26140223295027
boreal,RACINE,14,0,25776,2014,3,-68.5000646934181,52.26140223295027
boreal,REISADALEN,1,0.8999999999999999,5760,2001,3,21.84521755377757,69.37319796716838
boreal,REISADALEN,2,1.44,5760,2002,3,21.84521755377757,69.37319796716838
boreal,REISADALEN,3,37.26,5760,2003,3,21.84521755377757,69.37319796716838
boreal,REISADALEN,4,35.55,5760,2004,3,21.84521755377757,69.37319796716838
boreal,REISADALEN,5,0.09,5760,2005,3,21.84521755377757,69.37319796716838
boreal,REISADALEN,6,1.44,5760,2006,3,21.84521755377757,69.37319796716838
boreal,REISADALEN,7,0.44999999999999996,5760,2007,3,21.84521755377757,69.37319796716838
boreal,REISADALEN,8,2.9699999999999998,5760,2008,3,21.84521755377757,69.37319796716838
boreal,REISADALEN,9,0.8099999999999999,5760,2009,3,21.84521755377757,69.37319796716838
boreal,REISADALEN,10,0,5760,2010,3,21.84521755377757,69.37319796716838
boreal,REISADALEN,11,0,5760,2011,3,21.84521755377757,69.37319796716838
boreal,REISADALEN,12,2.34,5760,2012,3,21.84521755377757,69.37319796716838
boreal,REISADALEN,13,1.26,5760,2013,3,21.84521755377757,69.37319796716838
boreal,REISADALEN,14,0,5760,2014,3,21.84521755377757,69.37319796716838
boreal,RIDING,1,9.18,289728,2001,2,-73.11759975209418,54.72345891861901
boreal,RIDING,2,4.68,289728,2002,2,-73.11759975209418,54.72345891861901
boreal,RIDING,3,0.99,289728,2003,2,-73.11759975209418,54.72345891861901
boreal,RIDING,4,2.9699999999999998,289728,2004,2,-73.11759975209418,54.72345891861901
boreal,RIDING,5,20.52,289728,2005,2,-73.11759975209418,54.72345891861901
boreal,RIDING,6,21.689999999999998,289728,2006,2,-73.11759975209418,54.72345891861901
boreal,RIDING,7,12.059999999999999,289728,2007,2,-73.11759975209418,54.72345891861901
boreal,RIDING,8,17.73,289728,2008,2,-73.11759975209418,54.72345891861901
boreal,RIDING,9,3.42,289728,2009,2,-73.11759975209418,54.72345891861901
boreal,RIDING,10,1.53,289728,2010,2,-73.11759975209418,54.72345891861901
boreal,RIDING,11,7.92,289728,2011,2,-73.11759975209418,54.72345891861901
boreal,RIDING,12,1.26,289728,2012,2,-73.11759975209418,54.72345891861901
boreal,RIDING,13,2.88,289728,2013,2,-73.11759975209418,54.72345891861901
boreal,RIDING,14,1.89,289728,2014,2,-73.11759975209418,54.72345891861901
boreal,SPATSIZI,1,305.82,200160,2001,3,-128.51330247517726,57.54357533930847
boreal,SPATSIZI,2,82.44,200160,2002,3,-128.51330247517726,57.54357533930847
boreal,SPATSIZI,3,0.99,200160,2003,3,-128.51330247517726,57.54357533930847
boreal,SPATSIZI,4,251.1,200160,2004,3,-128.51330247517726,57.54357533930847
boreal,SPATSIZI,5,18.9,200160,2005,3,-128.51330247517726,57.54357533930847
boreal,SPATSIZI,6,21.33,200160,2006,3,-128.51330247517726,57.54357533930847
boreal,SPATSIZI,7,18.36,200160,2007,3,-128.51330247517726,57.54357533930847
boreal,SPATSIZI,8,11.7,200160,2008,3,-128.51330247517726,57.54357533930847
boreal,SPATSIZI,9,24.75,200160,2009,3,-128.51330247517726,57.54357533930847
boreal,SPATSIZI,10,152.91,200160,2010,3,-128.51330247517726,57.54357533930847
boreal,SPATSIZI,11,105.03,200160,2011,3,-128.51330247517726,57.54357533930847
boreal,SPATSIZI,12,35.37,200160,2012,3,-128.51330247517726,57.54357533930847
boreal,SPATSIZI,13,30.599999999999998,200160,2013,3,-128.51330247517726,57.54357533930847
boreal,SPATSIZI,14,7.109999999999999,200160,2014,3,-128.51330247517726,57.54357533930847
boreal,STOLBY,1,0,0,2001,2,92.92730789157613,55.80722531566407
boreal,STOLBY,2,0,0,2002,2,92.92730789157613,55.80722531566407
boreal,STOLBY,3,0,0,2003,2,92.92730789157613,55.80722531566407
boreal,STOLBY,4,0,0,2004,2,92.92730789157613,55.80722531566407
boreal,STOLBY,5,0,0,2005,2,92.92730789157613,55.80722531566407
boreal,STOLBY,6,0,0,2006,2,92.92730789157613,55.80722531566407
boreal,STOLBY,7,0,0,2007,2,92.92730789157613,55.80722531566407
boreal,STOLBY,8,0,0,2008,2,92.92730789157613,55.80722531566407
boreal,STOLBY,9,0,0,2009,2,92.92730789157613,55.80722531566407
boreal,STOLBY,10,0,0,2010,2,92.92730789157613,55.80722531566407
boreal,STOLBY,11,0,0,2011,2,92.92730789157613,55.80722531566407
boreal,STOLBY,12,0,0,2012,2,92.92730789157613,55.80722531566407
boreal,STOLBY,13,0,0,2013,2,92.92730789157613,55.80722531566407
boreal,STOLBY,14,0,0,2014,2,92.92730789157613,55.80722531566407
boreal,TANA,1,0.36,4752,2001,3,28.054937698387505,70.34181791964103
boreal,TANA,2,0.72,4752,2002,3,28.054937698387505,70.34181791964103
boreal,TANA,3,30.599999999999998,4752,2003,3,28.054937698387505,70.34181791964103
boreal,TANA,4,81.17999999999999,4752,2004,3,28.054937698387505,70.34181791964103
boreal,TANA,5,3.5999999999999996,4752,2005,3,28.054937698387505,70.34181791964103
boreal,TANA,6,27.99,4752,2006,3,28.054937698387505,70.34181791964103
boreal,TANA,7,0.36,4752,2007,3,28.054937698387505,70.34181791964103
boreal,TANA,8,0.09,4752,2008,3,28.054937698387505,70.34181791964103
boreal,TANA,9,1.17,4752,2009,3,28.054937698387505,70.34181791964103
boreal,TANA,10,0.27,4752,2010,3,28.054937698387505,70.34181791964103
boreal,TANA,11,0.54,4752,2011,3,28.054937698387505,70.34181791964103
boreal,TANA,12,0,4752,2012,3,28.054937698387505,70.34181791964103
boreal,TANA,13,0.09,4752,2013,3,28.054937698387505,70.34181791964103
boreal,TANA,14,0.09,4752,2014,3,28.054937698387505,70.34181791964103
boreal,TIVEDEN,1,0,288,2001,1,14.611452346938842,58.71615003055456
boreal,TIVEDEN,2,0,288,2002,1,14.611452346938842,58.71615003055456
boreal,TIVEDEN,3,0,288,2003,1,14.611452346938842,58.71615003055456
boreal,TIVEDEN,4,0,288,2004,1,14.611452346938842,58.71615003055456
boreal,TIVEDEN,5,0,288,2005,1,14.611452346938842,58.71615003055456
boreal,TIVEDEN,6,0,288,2006,1,14.611452346938842,58.71615003055456
boreal,TIVEDEN,7,0,288,2007,1,14.611452346938842,58.71615003055456
boreal,TIVEDEN,8,0,288,2008,1,14.611452346938842,58.71615003055456
boreal,TIVEDEN,9,0,288,2009,1,14.611452346938842,58.71615003055456
boreal,TIVEDEN,10,0,288,2010,1,14.611452346938842,58.71615003055456
boreal,TIVEDEN,11,0,288,2011,1,14.611452346938842,58.71615003055456
boreal,TIVEDEN,12,0,288,2012,1,14.611452346938842,58.71615003055456
boreal,TIVEDEN,13,0,288,2013,1,14.611452346938842,58.71615003055456
boreal,TIVEDEN,14,0,288,2014,1,14.611452346938842,58.71615003055456
boreal,TUNGUSKA,1,7.109999999999999,114336,2001,3,101.99962384000192,60.82511091857773
boreal,TUNGUSKA,2,3.06,114336,2002,3,101.99962384000192,60.82511091857773
boreal,TUNGUSKA,3,6.569999999999999,114336,2003,3,101.99962384000192,60.82511091857773
boreal,TUNGUSKA,4,17.189999999999998,114336,2004,3,101.99962384000192,60.82511091857773
boreal,TUNGUSKA,5,8.37,114336,2005,3,101.99962384000192,60.82511091857773
boreal,TUNGUSKA,6,220.23,114336,2006,3,101.99962384000192,60.82511091857773
boreal,TUNGUSKA,7,377.90999999999997,114336,2007,3,101.99962384000192,60.82511091857773
boreal,TUNGUSKA,8,149.57999999999998,114336,2008,3,101.99962384000192,60.82511091857773
boreal,TUNGUSKA,9,20.16,114336,2009,3,101.99962384000192,60.82511091857773
boreal,TUNGUSKA,10,18.36,114336,2010,3,101.99962384000192,60.82511091857773
boreal,TUNGUSKA,11,0.8999999999999999,114336,2011,3,101.99962384000192,60.82511091857773
boreal,TUNGUSKA,12,209.34,114336,2012,3,101.99962384000192,60.82511091857773
boreal,TUNGUSKA,13,53.46,114336,2013,3,101.99962384000192,60.82511091857773
boreal,TUNGUSKA,14,12.33,114336,2014,3,101.99962384000192,60.82511091857773
boreal,TUNTSA,1,0.18,18432,2001,1,29.532652529938986,67.63748453278818
boreal,TUNTSA,2,0.09,18432,2002,1,29.532652529938986,67.63748453278818
boreal,TUNTSA,3,0,18432,2003,1,29.532652529938986,67.63748453278818
boreal,TUNTSA,4,0,18432,2004,1,29.532652529938986,67.63748453278818
boreal,TUNTSA,5,0.18,18432,2005,1,29.532652529938986,67.63748453278818
boreal,TUNTSA,6,0,18432,2006,1,29.532652529938986,67.63748453278818
boreal,TUNTSA,7,0,18432,2007,1,29.532652529938986,67.63748453278818
boreal,TUNTSA,8,0.09,18432,2008,1,29.532652529938986,67.63748453278818
boreal,TUNTSA,9,0.18,18432,2009,1,29.532652529938986,67.63748453278818
boreal,TUNTSA,10,0,18432,2010,1,29.532652529938986,67.63748453278818
boreal,TUNTSA,11,1.44,18432,2011,1,29.532652529938986,67.63748453278818
boreal,TUNTSA,12,2.16,18432,2012,1,29.532652529938986,67.63748453278818
boreal,TUNTSA,13,1.26,18432,2013,1,29.532652529938986,67.63748453278818
boreal,TUNTSA,14,0.44999999999999996,18432,2014,1,29.532652529938986,67.63748453278818
boreal,VALJOK,1,0,3744,2001,3,26.009162824266802,69.75471600162979
boreal,VALJOK,2,0.09,3744,2002,3,26.009162824266802,69.75471600162979
boreal,VALJOK,3,0,3744,2003,3,26.009162824266802,69.75471600162979
boreal,VALJOK,4,89.1,3744,2004,3,26.009162824266802,69.75471600162979
boreal,VALJOK,5,21.779999999999998,3744,2005,3,26.009162824266802,69.75471600162979
boreal,VALJOK,6,0,3744,2006,3,26.009162824266802,69.75471600162979
boreal,VALJOK,7,0,3744,2007,3,26.009162824266802,69.75471600162979
boreal,VALJOK,8,0.09,3744,2008,3,26.009162824266802,69.75471600162979
boreal,VALJOK,9,0.09,3744,2009,3,26.009162824266802,69.75471600162979
boreal,VALJOK,10,0.09,3744,2010,3,26.009162824266802,69.75471600162979
boreal,VALJOK,11,0.18,3744,2011,3,26.009162824266802,69.75471600162979
boreal,VALJOK,12,0.27,3744,2012,3,26.009162824266802,69.75471600162979
boreal,VALJOK,13,0.09,3744,2013,3,26.009162824266802,69.75471600162979
boreal,VALJOK,14,0,3744,2014,3,26.009162824266802,69.75471600162979
boreal,VARRIO,1,0,8784,2001,1,29.645823613056827,67.73848626900129
boreal,VARRIO,2,0.18,8784,2002,1,29.645823613056827,67.73848626900129
boreal,VARRIO,3,0.09,8784,2003,1,29.645823613056827,67.73848626900129
boreal,VARRIO,4,0,8784,2004,1,29.645823613056827,67.73848626900129
boreal,VARRIO,5,0,8784,2005,1,29.645823613056827,67.73848626900129
boreal,VARRIO,6,0,8784,2006,1,29.645823613056827,67.73848626900129
boreal,VARRIO,7,0.09,8784,2007,1,29.645823613056827,67.73848626900129
boreal,VARRIO,8,0,8784,2008,1,29.645823613056827,67.73848626900129
boreal,VARRIO,9,0.18,8784,2009,1,29.645823613056827,67.73848626900129
boreal,VARRIO,10,0.44999999999999996,8784,2010,1,29.645823613056827,67.73848626900129
boreal,VARRIO,11,0.18,8784,2011,1,29.645823613056827,67.73848626900129
boreal,VARRIO,12,0.27,8784,2012,1,29.645823613056827,67.73848626900129
boreal,VARRIO,13,1.3499999999999999,8784,2013,1,29.645823613056827,67.73848626900129
boreal,VARRIO,14,0.27,8784,2014,1,29.645823613056827,67.73848626900129
boreal,VEPPSKY,1,0,864,2001,2,35.16801192466339,60.211758762476386
boreal,VEPPSKY,2,0.09,864,2002,2,35.16801192466339,60.211758762476386
boreal,VEPPSKY,3,0.09,864,2003,2,35.16801192466339,60.211758762476386
boreal,VEPPSKY,4,0,864,2004,2,35.16801192466339,60.211758762476386
boreal,VEPPSKY,5,0,864,2005,2,35.16801192466339,60.211758762476386
boreal,VEPPSKY,6,0,864,2006,2,35.16801192466339,60.211758762476386
boreal,VEPPSKY,7,0,864,2007,2,35.16801192466339,60.211758762476386
boreal,VEPPSKY,8,0,864,2008,2,35.16801192466339,60.211758762476386
boreal,VEPPSKY,9,0,864,2009,2,35.16801192466339,60.211758762476386
boreal,VEPPSKY,10,0,864,2010,2,35.16801192466339,60.211758762476386
boreal,VEPPSKY,11,0,864,2011,2,35.16801192466339,60.211758762476386
boreal,VEPPSKY,12,0,864,2012,2,35.16801192466339,60.211758762476386
boreal,VEPPSKY,13,0.44999999999999996,864,2013,2,35.16801192466339,60.211758762476386
boreal,VEPPSKY,14,0,864,2014,2,35.16801192466339,60.211758762476386
boreal,VISHERSKY,1,9.629999999999999,33264,2001,2,59.0329035180166,61.277891408526905
boreal,VISHERSKY,2,102.69,33264,2002,2,59.0329035180166,61.277891408526905
boreal,VISHERSKY,3,0,33264,2003,2,59.0329035180166,61.277891408526905
boreal,VISHERSKY,4,0.8999999999999999,33264,2004,2,59.0329035180166,61.277891408526905
boreal,VISHERSKY,5,0.8999999999999999,33264,2005,2,59.0329035180166,61.277891408526905
boreal,VISHERSKY,6,28.169999999999998,33264,2006,2,59.0329035180166,61.277891408526905
boreal,VISHERSKY,7,2.25,33264,2007,2,59.0329035180166,61.277891408526905
boreal,VISHERSKY,8,7.109999999999999,33264,2008,2,59.0329035180166,61.277891408526905
boreal,VISHERSKY,9,4.41,33264,2009,2,59.0329035180166,61.277891408526905
boreal,VISHERSKY,10,2.88,33264,2010,2,59.0329035180166,61.277891408526905
boreal,VISHERSKY,11,30.15,33264,2011,2,59.0329035180166,61.277891408526905
boreal,VISHERSKY,12,13.68,33264,2012,2,59.0329035180166,61.277891408526905
boreal,VISHERSKY,13,0.54,33264,2013,2,59.0329035180166,61.277891408526905
boreal,VISHERSKY,14,0.72,33264,2014,2,59.0329035180166,61.277891408526905
boreal,VODLFIRE,1,0,432,2001,2,37.06893681076451,62.37726476255311
boreal,VODLFIRE,2,0,432,2002,2,37.06893681076451,62.37726476255311
boreal,VODLFIRE,3,0,432,2003,2,37.06893681076451,62.37726476255311
boreal,VODLFIRE,4,0.8099999999999999,432,2004,2,37.06893681076451,62.37726476255311
boreal,VODLFIRE,5,0,432,2005,2,37.06893681076451,62.37726476255311
boreal,VODLFIRE,6,0,432,2006,2,37.06893681076451,62.37726476255311
boreal,VODLFIRE,7,1.26,432,2007,2,37.06893681076451,62.37726476255311
boreal,VODLFIRE,8,0.27,432,2008,2,37.06893681076451,62.37726476255311
boreal,VODLFIRE,9,0,432,2009,2,37.06893681076451,62.37726476255311
boreal,VODLFIRE,10,0,432,2010,2,37.06893681076451,62.37726476255311
boreal,VODLFIRE,11,0,432,2011,2,37.06893681076451,62.37726476255311
boreal,VODLFIRE,12,0,432,2012,2,37.06893681076451,62.37726476255311
boreal,VODLFIRE,13,0.09,432,2013,2,37.06893681076451,62.37726476255311
boreal,VODLFIRE,14,0,432,2014,2,37.06893681076451,62.37726476255311
boreal,VODLMAJOR,1,0,288,2001,1,36.790672634107516,62.46028472211058
boreal,VODLMAJOR,2,0,288,2002,1,36.790672634107516,62.46028472211058
boreal,VODLMAJOR,3,0,288,2003,1,36.790672634107516,62.46028472211058
boreal,VODLMAJOR,4,0.09,288,2004,1,36.790672634107516,62.46028472211058
boreal,VODLMAJOR,5,0,288,2005,1,36.790672634107516,62.46028472211058
boreal,VODLMAJOR,6,0.18,288,2006,1,36.790672634107516,62.46028472211058
boreal,VODLMAJOR,7,0,288,2007,1,36.790672634107516,62.46028472211058
boreal,VODLMAJOR,8,0,288,2008,1,36.790672634107516,62.46028472211058
boreal,VODLMAJOR,9,0,288,2009,1,36.790672634107516,62.46028472211058
boreal,VODLMAJOR,10,0,288,2010,1,36.790672634107516,62.46028472211058
boreal,VODLMAJOR,11,0,288,2011,1,36.790672634107516,62.46028472211058
boreal,VODLMAJOR,12,0,288,2012,1,36.790672634107516,62.46028472211058
boreal,VODLMAJOR,13,0.18,288,2013,1,36.790672634107516,62.46028472211058
boreal,VODLMAJOR,14,0,288,2014,1,36.790672634107516,62.46028472211058
boreal,WABAKIMI,1,17.009999999999998,158256,2001,3,-89.421208966451,50.757182099162414
boreal,WABAKIMI,2,1048.68,158256,2002,3,-89.421208966451,50.757182099162414
boreal,WABAKIMI,3,14.129999999999999,158256,2003,3,-89.421208966451,50.757182099162414
boreal,WABAKIMI,4,70.47,158256,2004,3,-89.421208966451,50.757182099162414
boreal,WABAKIMI,5,289.34999999999997,158256,2005,3,-89.421208966451,50.757182099162414
boreal,WABAKIMI,6,802.26,158256,2006,3,-89.421208966451,50.757182099162414
boreal,WABAKIMI,7,60.48,158256,2007,3,-89.421208966451,50.757182099162414
boreal,WABAKIMI,8,23.58,158256,2008,3,-89.421208966451,50.757182099162414
boreal,WABAKIMI,9,93.96,158256,2009,3,-89.421208966451,50.757182099162414
boreal,WABAKIMI,10,49.68,158256,2010,3,-89.421208966451,50.757182099162414
boreal,WABAKIMI,11,1195.47,158256,2011,3,-89.421208966451,50.757182099162414
boreal,WABAKIMI,12,1076.94,158256,2012,3,-89.421208966451,50.757182099162414
boreal,WABAKIMI,13,80.36999999999999,158256,2013,3,-89.421208966451,50.757182099162414
boreal,WABAKIMI,14,13.59,158256,2014,3,-89.421208966451,50.757182099162414
boreal,WOODBUFFALO,1,3043.5299999999997,1871856,2001,3,-113.25811854113374,59.35499555278062
boreal,WOODBUFFALO,2,910.35,1871856,2002,3,-113.25811854113374,59.35499555278062
boreal,WOODBUFFALO,3,4429.62,1871856,2003,3,-113.25811854113374,59.35499555278062
boreal,WOODBUFFALO,4,28030.23,1871856,2004,3,-113.25811854113374,59.35499555278062
boreal,WOODBUFFALO,5,9273.33,1871856,2005,3,-113.25811854113374,59.35499555278062
boreal,WOODBUFFALO,6,4159.26,1871856,2006,3,-113.25811854113374,59.35499555278062
boreal,WOODBUFFALO,7,26510.67,1871856,2007,3,-113.25811854113374,59.35499555278062
boreal,WOODBUFFALO,8,3059.0099999999998,1871856,2008,3,-113.25811854113374,59.35499555278062
boreal,WOODBUFFALO,9,643.59,1871856,2009,3,-113.25811854113374,59.35499555278062
boreal,WOODBUFFALO,10,1291.1399999999999,1871856,2010,3,-113.25811854113374,59.35499555278062
boreal,WOODBUFFALO,11,8447.67,1871856,2011,3,-113.25811854113374,59.35499555278062
boreal,WOODBUFFALO,12,20456.19,1871856,2012,3,-113.25811854113374,59.35499555278062
boreal,WOODBUFFALO,13,3142.7999999999997,1871856,2013,3,-113.25811854113374,59.35499555278062
boreal,WOODBUFFALO,14,24403.41,1871856,2014,3,-113.25811854113374,59.35499555278062
boreal,WOODLANDCARIBOU,1,45.72,110304,2001,3,-94.73726503401242,51.084623128276924
boreal,WOODLANDCARIBOU,2,71.55,110304,2002,3,-94.73726503401242,51.084623128276924
boreal,WOODLANDCARIBOU,3,30.779999999999998,110304,2003,3,-94.73726503401242,51.084623128276924
boreal,WOODLANDCARIBOU,4,17.189999999999998,110304,2004,3,-94.73726503401242,51.084623128276924
boreal,WOODLANDCARIBOU,5,87.47999999999999,110304,2005,3,-94.73726503401242,51.084623128276924
boreal,WOODLANDCARIBOU,6,649.7099999999999,110304,2006,3,-94.73726503401242,51.084623128276924
boreal,WOODLANDCARIBOU,7,64.53,110304,2007,3,-94.73726503401242,51.084623128276924
boreal,WOODLANDCARIBOU,8,18.9,110304,2008,3,-94.73726503401242,51.084623128276924
boreal,WOODLANDCARIBOU,9,7.56,110304,2009,3,-94.73726503401242,51.084623128276924
boreal,WOODLANDCARIBOU,10,24.3,110304,2010,3,-94.73726503401242,51.084623128276924
boreal,WOODLANDCARIBOU,11,87.21,110304,2011,3,-94.73726503401242,51.084623128276924
boreal,WOODLANDCARIBOU,12,1047.33,110304,2012,3,-94.73726503401242,51.084623128276924
boreal,WOODLANDCARIBOU,13,300.59999999999997,110304,2013,3,-94.73726503401242,51.084623128276924
boreal,WOODLANDCARIBOU,14,53.73,110304,2014,3,-94.73726503401242,51.084623128276924
boreal,YUGYDVA,1,444.69,339696,2001,2,59.376513217724764,64.68363250223118
boreal,YUGYDVA,2,27.09,339696,2002,2,59.376513217724764,64.68363250223118
boreal,YUGYDVA,3,17.91,339696,2003,2,59.376513217724764,64.68363250223118
boreal,YUGYDVA,4,75.78,339696,2004,2,59.376513217724764,64.68363250223118
boreal,YUGYDVA,5,22.14,339696,2005,2,59.376513217724764,64.68363250223118
boreal,YUGYDVA,6,200.88,339696,2006,2,59.376513217724764,64.68363250223118
boreal,YUGYDVA,7,118.35,339696,2007,2,59.376513217724764,64.68363250223118
boreal,YUGYDVA,8,26.73,339696,2008,2,59.376513217724764,64.68363250223118
boreal,YUGYDVA,9,27.27,339696,2009,2,59.376513217724764,64.68363250223118
boreal,YUGYDVA,10,15.479999999999999,339696,2010,2,59.376513217724764,64.68363250223118
boreal,YUGYDVA,11,40.05,339696,2011,2,59.376513217724764,64.68363250223118
boreal,YUGYDVA,12,23.58,339696,2012,2,59.376513217724764,64.68363250223118
boreal,YUGYDVA,13,111.14999999999999,339696,2013,2,59.376513217724764,64.68363250223118
boreal,YUGYDVA,14,48.69,339696,2014,2,59.376513217724764,64.68363250223118
boreal,YUKON,1,2.07,64800,2001,3,-148.91700752862343,66.5045083341004
boreal,YUKON,2,5.22,64800,2002,3,-148.91700752862343,66.5045083341004
boreal,YUKON,3,1.53,64800,2003,3,-148.91700752862343,66.5045083341004
boreal,YUKON,4,44.37,64800,2004,3,-148.91700752862343,66.5045083341004
boreal,YUKON,5,2884.14,64800,2005,3,-148.91700752862343,66.5045083341004
boreal,YUKON,6,242.82,64800,2006,3,-148.91700752862343,66.5045083341004
boreal,YUKON,7,347.94,64800,2007,3,-148.91700752862343,66.5045083341004
boreal,YUKON,8,15.57,64800,2008,3,-148.91700752862343,66.5045083341004
boreal,YUKON,9,0.8099999999999999,64800,2009,3,-148.91700752862343,66.5045083341004
boreal,YUKON,10,4.32,64800,2010,3,-148.91700752862343,66.5045083341004
boreal,YUKON,11,6.029999999999999,64800,2011,3,-148.91700752862343,66.5045083341004
boreal,YUKON,12,2.79,64800,2012,3,-148.91700752862343,66.5045083341004
boreal,YUKON,13,6.39,64800,2013,3,-148.91700752862343,66.5045083341004
boreal,YUKON,14,0.09,64800,2014,3,-148.91700752862343,66.5045083341004
boreal,ZEYSKY,1,0.36,1008,2001,3,127.11689242723878,54.05568108288092
boreal,ZEYSKY,2,0,1008,2002,3,127.11689242723878,54.05568108288092
boreal,ZEYSKY,3,0,1008,2003,3,127.11689242723878,54.05568108288092
boreal,ZEYSKY,4,2.16,1008,2004,3,127.11689242723878,54.05568108288092
boreal,ZEYSKY,5,0,1008,2005,3,127.11689242723878,54.05568108288092
boreal,ZEYSKY,6,0,1008,2006,3,127.11689242723878,54.05568108288092
boreal,ZEYSKY,7,0.27,1008,2007,3,127.11689242723878,54.05568108288092
boreal,ZEYSKY,8,0.09,1008,2008,3,127.11689242723878,54.05568108288092
boreal,ZEYSKY,9,0.18,1008,2009,3,127.11689242723878,54.05568108288092
boreal,ZEYSKY,10,0,1008,2010,3,127.11689242723878,54.05568108288092
boreal,ZEYSKY,11,0.27,1008,2011,3,127.11689242723878,54.05568108288092
boreal,ZEYSKY,12,0,1008,2012,3,127.11689242723878,54.05568108288092
boreal,ZEYSKY,13,0,1008,2013,3,127.11689242723878,54.05568108288092
boreal,ZEYSKY,14,0,1008,2014,3,127.11689242723878,54.05568108288092
temperate,admirality,1,1.08,33696,2001,1,-134.40808105963123,57.66074398144862
temperate,admirality,2,7.29,33696,2002,1,-134.40808105963123,57.66074398144862
temperate,admirality,3,0,33696,2003,1,-134.40808105963123,57.66074398144862
temperate,admirality,4,4.14,33696,2004,1,-134.40808105963123,57.66074398144862
temperate,admirality,5,0.8999999999999999,33696,2005,1,-134.40808105963123,57.66074398144862
temperate,admirality,6,2.16,33696,2006,1,-134.40808105963123,57.66074398144862
temperate,admirality,7,2.88,33696,2007,1,-134.40808105963123,57.66074398144862
temperate,admirality,8,0,33696,2008,1,-134.40808105963123,57.66074398144862
temperate,admirality,9,6.75,33696,2009,1,-134.40808105963123,57.66074398144862
temperate,admirality,10,1.98,33696,2010,1,-134.40808105963123,57.66074398144862
temperate,admirality,11,0.09,33696,2011,1,-134.40808105963123,57.66074398144862
temperate,admirality,12,0.44999999999999996,33696,2012,1,-134.40808105963123,57.66074398144862
temperate,admirality,13,4.68,33696,2013,1,-134.40808105963123,57.66074398144862
temperate,admirality,14,3.2399999999999998,33696,2014,1,-134.40808105963123,57.66074398144862
temperate,bavarian,1,0.44999999999999996,2448,2001,2,13.46286899505327,48.93970140825836
temperate,bavarian,2,73.35,2448,2002,2,13.46286899505327,48.93970140825836
temperate,bavarian,3,0,2448,2003,2,13.46286899505327,48.93970140825836
temperate,bavarian,4,231.12,2448,2004,2,13.46286899505327,48.93970140825836
temperate,bavarian,5,5.9399999999999995,2448,2005,2,13.46286899505327,48.93970140825836
temperate,bavarian,6,0,2448,2006,2,13.46286899505327,48.93970140825836
temperate,bavarian,7,27.9,2448,2007,2,13.46286899505327,48.93970140825836
temperate,bavarian,8,23.669999999999998,2448,2008,2,13.46286899505327,48.93970140825836
temperate,bavarian,9,0,2448,2009,2,13.46286899505327,48.93970140825836
temperate,bavarian,10,7.109999999999999,2448,2010,2,13.46286899505327,48.93970140825836
temperate,bavarian,11,0.09,2448,2011,2,13.46286899505327,48.93970140825836
temperate,bavarian,12,5.76,2448,2012,2,13.46286899505327,48.93970140825836
temperate,bavarian,13,0.09,2448,2013,2,13.46286899505327,48.93970140825836
temperate,bavarian,14,0.63,2448,2014,2,13.46286899505327,48.93970140825836
temperate,baxter,1,0.18,2016,2001,2,-68.93667013616692,46.00006002264432
temperate,baxter,2,0,2016,2002,2,-68.93667013616692,46.00006002264432
temperate,baxter,3,0,2016,2003,2,-68.93667013616692,46.00006002264432
temperate,baxter,4,0.27,2016,2004,2,-68.93667013616692,46.00006002264432
temperate,baxter,5,0.18,2016,2005,2,-68.93667013616692,46.00006002264432
temperate,baxter,6,0,2016,2006,2,-68.93667013616692,46.00006002264432
temperate,baxter,7,0,2016,2007,2,-68.93667013616692,46.00006002264432
temperate,baxter,8,0,2016,2008,2,-68.93667013616692,46.00006002264432
temperate,baxter,9,0,2016,2009,2,-68.93667013616692,46.00006002264432
temperate,baxter,10,0.18,2016,2010,2,-68.93667013616692,46.00006002264432
temperate,baxter,11,0,2016,2011,2,-68.93667013616692,46.00006002264432
temperate,baxter,12,0.44999999999999996,2016,2012,2,-68.93667013616692,46.00006002264432
temperate,baxter,13,0,2016,2013,2,-68.93667013616692,46.00006002264432
temperate,baxter,14,0,2016,2014,2,-68.93667013616692,46.00006002264432
temperate,cool,1,0,288,2001,1,145.1327839204243,43.98166210063598
temperate,cool,2,0,288,2002,1,145.1327839204243,43.98166210063598
temperate,cool,3,0,288,2003,1,145.1327839204243,43.98166210063598
temperate,cool,4,0,288,2004,1,145.1327839204243,43.98166210063598
temperate,cool,5,0,288,2005,1,145.1327839204243,43.98166210063598
temperate,cool,6,0,288,2006,1,145.1327839204243,43.98166210063598
temperate,cool,7,0,288,2007,1,145.1327839204243,43.98166210063598
temperate,cool,8,0,288,2008,1,145.1327839204243,43.98166210063598
temperate,cool,9,0,288,2009,1,145.1327839204243,43.98166210063598
temperate,cool,10,0,288,2010,1,145.1327839204243,43.98166210063598
temperate,cool,11,0,288,2011,1,145.1327839204243,43.98166210063598
temperate,cool,12,0,288,2012,1,145.1327839204243,43.98166210063598
temperate,cool,13,0,288,2013,1,145.1327839204243,43.98166210063598
temperate,cool,14,0,288,2014,1,145.1327839204243,43.98166210063598
temperate,fagaras,1,0,288,2001,2,24.80368916210668,45.64615122355059
temperate,fagaras,2,0.44999999999999996,288,2002,2,24.80368916210668,45.64615122355059
temperate,fagaras,3,0,288,2003,2,24.80368916210668,45.64615122355059
temperate,fagaras,4,0,288,2004,2,24.80368916210668,45.64615122355059
temperate,fagaras,5,0,288,2005,2,24.80368916210668,45.64615122355059
temperate,fagaras,6,0,288,2006,2,24.80368916210668,45.64615122355059
temperate,fagaras,7,0,288,2007,2,24.80368916210668,45.64615122355059
temperate,fagaras,8,0,288,2008,2,24.80368916210668,45.64615122355059
temperate,fagaras,9,0,288,2009,2,24.80368916210668,45.64615122355059
temperate,fagaras,10,0,288,2010,2,24.80368916210668,45.64615122355059
temperate,fagaras,11,0,288,2011,2,24.80368916210668,45.64615122355059
temperate,fagaras,12,0.09,288,2012,2,24.80368916210668,45.64615122355059
temperate,fagaras,13,0,288,2013,2,24.80368916210668,45.64615122355059
temperate,fagaras,14,0,288,2014,2,24.80368916210668,45.64615122355059
temperate,feng,1,0,0,2001,2,129.10375684242217,48.12419592550166
temperate,feng,2,0,0,2002,2,129.10375684242217,48.12419592550166
temperate,feng,3,0,0,2003,2,129.10375684242217,48.12419592550166
temperate,feng,4,0,0,2004,2,129.10375684242217,48.12419592550166
temperate,feng,5,0,0,2005,2,129.10375684242217,48.12419592550166
temperate,feng,6,0,0,2006,2,129.10375684242217,48.12419592550166
temperate,feng,7,0,0,2007,2,129.10375684242217,48.12419592550166
temperate,feng,8,0,0,2008,2,129.10375684242217,48.12419592550166
temperate,feng,9,0,0,2009,2,129.10375684242217,48.12419592550166
temperate,feng,10,0,0,2010,2,129.10375684242217,48.12419592550166
temperate,feng,11,0,0,2011,2,129.10375684242217,48.12419592550166
temperate,feng,12,0,0,2012,2,129.10375684242217,48.12419592550166
temperate,feng,13,0,0,2013,2,129.10375684242217,48.12419592550166
temperate,feng,14,0,0,2014,2,129.10375684242217,48.12419592550166
temperate,flattops,1,10.44,33840,2001,3,-107.26822642087457,39.95237348866568
temperate,flattops,2,182.51999999999998,33840,2002,3,-107.26822642087457,39.95237348866568
temperate,flattops,3,84.24,33840,2003,3,-107.26822642087457,39.95237348866568
temperate,flattops,4,0.09,33840,2004,3,-107.26822642087457,39.95237348866568
temperate,flattops,5,21.06,33840,2005,3,-107.26822642087457,39.95237348866568
temperate,flattops,6,6.84,33840,2006,3,-107.26822642087457,39.95237348866568
temperate,flattops,7,1.44,33840,2007,3,-107.26822642087457,39.95237348866568
temperate,flattops,8,648.81,33840,2008,3,-107.26822642087457,39.95237348866568
temperate,flattops,9,20.61,33840,2009,3,-107.26822642087457,39.95237348866568
temperate,flattops,10,109.08,33840,2010,3,-107.26822642087457,39.95237348866568
temperate,flattops,11,18.63,33840,2011,3,-107.26822642087457,39.95237348866568
temperate,flattops,12,1.44,33840,2012,3,-107.26822642087457,39.95237348866568
temperate,flattops,13,5.22,33840,2013,3,-107.26822642087457,39.95237348866568
temperate,flattops,14,1.89,33840,2014,3,-107.26822642087457,39.95237348866568
temperate,glacier,1,845.73,276624,2001,3,-113.17359526675278,47.70131922996368
temperate,glacier,2,1566.36,276624,2002,3,-113.17359526675278,47.70131922996368
temperate,glacier,3,1649.79,276624,2003,3,-113.17359526675278,47.70131922996368
temperate,glacier,4,2933.0099999999998,276624,2004,3,-113.17359526675278,47.70131922996368
temperate,glacier,5,244.07999999999998,276624,2005,3,-113.17359526675278,47.70131922996368
temperate,glacier,6,402.57,276624,2006,3,-113.17359526675278,47.70131922996368
temperate,glacier,7,2649.96,276624,2007,3,-113.17359526675278,47.70131922996368
temperate,glacier,8,2059.83,276624,2008,3,-113.17359526675278,47.70131922996368
temperate,glacier,9,162.81,276624,2009,3,-113.17359526675278,47.70131922996368
temperate,glacier,10,265.05,276624,2010,3,-113.17359526675278,47.70131922996368
temperate,glacier,11,278.01,276624,2011,3,-113.17359526675278,47.70131922996368
temperate,glacier,12,588.24,276624,2012,3,-113.17359526675278,47.70131922996368
temperate,glacier,13,1425.24,276624,2013,3,-113.17359526675278,47.70131922996368
temperate,glacier,14,581.49,276624,2014,3,-113.17359526675278,47.70131922996368
temperate,hainich,1,0.27,1152,2001,2,10.439422219339347,51.07193547027771
temperate,hainich,2,0,1152,2002,2,10.439422219339347,51.07193547027771
temperate,hainich,3,0,1152,2003,2,10.439422219339347,51.07193547027771
temperate,hainich,4,0.27,1152,2004,2,10.439422219339347,51.07193547027771
temperate,hainich,5,0.36,1152,2005,2,10.439422219339347,51.07193547027771
temperate,hainich,6,0.72,1152,2006,2,10.439422219339347,51.07193547027771
temperate,hainich,7,0,1152,2007,2,10.439422219339347,51.07193547027771
temperate,hainich,8,1.53,1152,2008,2,10.439422219339347,51.07193547027771
temperate,hainich,9,0,1152,2009,2,10.439422219339347,51.07193547027771
temperate,hainich,10,0,1152,2010,2,10.439422219339347,51.07193547027771
temperate,hainich,11,0,1152,2011,2,10.439422219339347,51.07193547027771
temperate,hainich,12,0.09,1152,2012,2,10.439422219339347,51.07193547027771
temperate,hainich,13,0,1152,2013,2,10.439422219339347,51.07193547027771
temperate,hainich,14,0,1152,2014,2,10.439422219339347,51.07193547027771
temperate,hightatra,1,0.44999999999999996,2016,2001,2,19.948094316411943,49.19292559998478
temperate,hightatra,2,0.09,2016,2002,2,19.948094316411943,49.19292559998478
temperate,hightatra,3,0.8999999999999999,2016,2003,2,19.948094316411943,49.19292559998478
temperate,hightatra,4,0.09,2016,2004,2,19.948094316411943,49.19292559998478
temperate,hightatra,5,5.04,2016,2005,2,19.948094316411943,49.19292559998478
temperate,hightatra,6,0.8099999999999999,2016,2006,2,19.948094316411943,49.19292559998478
temperate,hightatra,7,0.18,2016,2007,2,19.948094316411943,49.19292559998478
temperate,hightatra,8,0.99,2016,2008,2,19.948094316411943,49.19292559998478
temperate,hightatra,9,4.77,2016,2009,2,19.948094316411943,49.19292559998478
temperate,hightatra,10,0.09,2016,2010,2,19.948094316411943,49.19292559998478
temperate,hightatra,11,0.27,2016,2011,2,19.948094316411943,49.19292559998478
temperate,hightatra,12,0.54,2016,2012,2,19.948094316411943,49.19292559998478
temperate,hightatra,13,0.63,2016,2013,2,19.948094316411943,49.19292559998478
temperate,hightatra,14,11.34,2016,2014,2,19.948094316411943,49.19292559998478
temperate,illi,1,1.3499999999999999,18000,2001,2,-119.50187996263548,37.657344896369146
temperate,illi,2,8.459999999999999,18000,2002,2,-119.50187996263548,37.657344896369146
temperate,illi,3,3.96,18000,2003,2,-119.50187996263548,37.657344896369146
temperate,illi,4,81.36,18000,2004,2,-119.50187996263548,37.657344896369146
temperate,illi,5,33.57,18000,2005,2,-119.50187996263548,37.657344896369146
temperate,illi,6,4.77,18000,2006,2,-119.50187996263548,37.657344896369146
temperate,illi,7,0.72,18000,2007,2,-119.50187996263548,37.657344896369146
temperate,illi,8,3.15,18000,2008,2,-119.50187996263548,37.657344896369146
temperate,illi,9,1.6199999999999999,18000,2009,2,-119.50187996263548,37.657344896369146
temperate,illi,10,69.39,18000,2010,2,-119.50187996263548,37.657344896369146
temperate,illi,11,1.53,18000,2011,2,-119.50187996263548,37.657344896369146
temperate,illi,12,3.96,18000,2012,2,-119.50187996263548,37.657344896369146
temperate,illi,13,10.62,18000,2013,2,-119.50187996263548,37.657344896369146
temperate,illi,14,50.489999999999995,18000,2014,2,-119.50187996263548,37.657344896369146
temperate,kalkalpen,1,0.8099999999999999,3024,2001,2,14.39323543140843,47.77006703064983
temperate,kalkalpen,2,4.32,3024,2002,2,14.39323543140843,47.77006703064983
temperate,kalkalpen,3,0.72,3024,2003,2,14.39323543140843,47.77006703064983
temperate,kalkalpen,4,1.6199999999999999,3024,2004,2,14.39323543140843,47.77006703064983
temperate,kalkalpen,5,9.629999999999999,3024,2005,2,14.39323543140843,47.77006703064983
temperate,kalkalpen,6,0.44999999999999996,3024,2006,2,14.39323543140843,47.77006703064983
temperate,kalkalpen,7,5.9399999999999995,3024,2007,2,14.39323543140843,47.77006703064983
temperate,kalkalpen,8,1.26,3024,2008,2,14.39323543140843,47.77006703064983
temperate,kalkalpen,9,13.41,3024,2009,2,14.39323543140843,47.77006703064983
temperate,kalkalpen,10,9.36,3024,2010,2,14.39323543140843,47.77006703064983
temperate,kalkalpen,11,7.83,3024,2011,2,14.39323543140843,47.77006703064983
temperate,kalkalpen,12,0.36,3024,2012,2,14.39323543140843,47.77006703064983
temperate,kalkalpen,13,0.09,3024,2013,2,14.39323543140843,47.77006703064983
temperate,kalkalpen,14,0,3024,2014,2,14.39323543140843,47.77006703064983
temperate,kellerwald,1,0,0,2001,2,8.97782753839907,51.14663917534673
temperate,kellerwald,2,0,0,2002,2,8.97782753839907,51.14663917534673
temperate,kellerwald,3,0,0,2003,2,8.97782753839907,51.14663917534673
temperate,kellerwald,4,0,0,2004,2,8.97782753839907,51.14663917534673
temperate,kellerwald,5,0,0,2005,2,8.97782753839907,51.14663917534673
temperate,kellerwald,6,0,0,2006,2,8.97782753839907,51.14663917534673
temperate,kellerwald,7,0,0,2007,2,8.97782753839907,51.14663917534673
temperate,kellerwald,8,0,0,2008,2,8.97782753839907,51.14663917534673
temperate,kellerwald,9,0,0,2009,2,8.97782753839907,51.14663917534673
temperate,kellerwald,10,0,0,2010,2,8.97782753839907,51.14663917534673
temperate,kellerwald,11,0,0,2011,2,8.97782753839907,51.14663917534673
temperate,kellerwald,12,0,0,2012,2,8.97782753839907,51.14663917534673
temperate,kellerwald,13,0,0,2013,2,8.97782753839907,51.14663917534673
temperate,kellerwald,14,0,0,2014,2,8.97782753839907,51.14663917534673
temperate,malakisis,1,0,0,2001,1,-78.64131715032099,46.70801154063192
temperate,malakisis,2,0,0,2002,1,-78.64131715032099,46.70801154063192
temperate,malakisis,3,0,0,2003,1,-78.64131715032099,46.70801154063192
temperate,malakisis,4,0,0,2004,1,-78.64131715032099,46.70801154063192
temperate,malakisis,5,0,0,2005,1,-78.64131715032099,46.70801154063192
temperate,malakisis,6,0,0,2006,1,-78.64131715032099,46.70801154063192
temperate,malakisis,7,0,0,2007,1,-78.64131715032099,46.70801154063192
temperate,malakisis,8,0,0,2008,1,-78.64131715032099,46.70801154063192
temperate,malakisis,9,0,0,2009,1,-78.64131715032099,46.70801154063192
temperate,malakisis,10,0,0,2010,1,-78.64131715032099,46.70801154063192
temperate,malakisis,11,0,0,2011,1,-78.64131715032099,46.70801154063192
temperate,malakisis,12,0,0,2012,1,-78.64131715032099,46.70801154063192
temperate,malakisis,13,0,0,2013,1,-78.64131715032099,46.70801154063192
temperate,malakisis,14,0,0,2014,1,-78.64131715032099,46.70801154063192
temperate,muritz,1,0,2592,2001,1,12.86780579831926,53.42978985587187
temperate,muritz,2,0,2592,2002,1,12.86780579831926,53.42978985587187
temperate,muritz,3,0,2592,2003,1,12.86780579831926,53.42978985587187
temperate,muritz,4,0.09,2592,2004,1,12.86780579831926,53.42978985587187
temperate,muritz,5,0.99,2592,2005,1,12.86780579831926,53.42978985587187
temperate,muritz,6,0.8999999999999999,2592,2006,1,12.86780579831926,53.42978985587187
temperate,muritz,7,0.09,2592,2007,1,12.86780579831926,53.42978985587187
temperate,muritz,8,0.09,2592,2008,1,12.86780579831926,53.42978985587187
temperate,muritz,9,0,2592,2009,1,12.86780579831926,53.42978985587187
temperate,muritz,10,0,2592,2010,1,12.86780579831926,53.42978985587187
temperate,muritz,11,1.89,2592,2011,1,12.86780579831926,53.42978985587187
temperate,muritz,12,0.27,2592,2012,1,12.86780579831926,53.42978985587187
temperate,muritz,13,0.09,2592,2013,1,12.86780579831926,53.42978985587187
temperate,muritz,14,0,2592,2014,1,12.86780579831926,53.42978985587187
temperate,ozarks,1,0,0,2001,2,-93.1941808620808,35.72936294538426
temperate,ozarks,2,0,0,2002,2,-93.1941808620808,35.72936294538426
temperate,ozarks,3,0,0,2003,2,-93.1941808620808,35.72936294538426
temperate,ozarks,4,0,0,2004,2,-93.1941808620808,35.72936294538426
temperate,ozarks,5,0,0,2005,2,-93.1941808620808,35.72936294538426
temperate,ozarks,6,0,0,2006,2,-93.1941808620808,35.72936294538426
temperate,ozarks,7,0,0,2007,2,-93.1941808620808,35.72936294538426
temperate,ozarks,8,0,0,2008,2,-93.1941808620808,35.72936294538426
temperate,ozarks,9,0,0,2009,2,-93.1941808620808,35.72936294538426
temperate,ozarks,10,0,0,2010,2,-93.1941808620808,35.72936294538426
temperate,ozarks,11,0,0,2011,2,-93.1941808620808,35.72936294538426
temperate,ozarks,12,0,0,2012,2,-93.1941808620808,35.72936294538426
temperate,ozarks,13,0,0,2013,2,-93.1941808620808,35.72936294538426
temperate,ozarks,14,0,0,2014,2,-93.1941808620808,35.72936294538426
temperate,perucie,1,0,0,2001,1,18.711013515024707,43.30790284764864
temperate,perucie,2,0,0,2002,1,18.711013515024707,43.30790284764864
temperate,perucie,3,0,0,2003,1,18.711013515024707,43.30790284764864
temperate,perucie,4,0,0,2004,1,18.711013515024707,43.30790284764864
temperate,perucie,5,0,0,2005,1,18.711013515024707,43.30790284764864
temperate,perucie,6,0,0,2006,1,18.711013515024707,43.30790284764864
temperate,perucie,7,0,0,2007,1,18.711013515024707,43.30790284764864
temperate,perucie,8,0,0,2008,1,18.711013515024707,43.30790284764864
temperate,perucie,9,0,0,2009,1,18.711013515024707,43.30790284764864
temperate,perucie,10,0,0,2010,1,18.711013515024707,43.30790284764864
temperate,perucie,11,0,0,2011,1,18.711013515024707,43.30790284764864
temperate,perucie,12,0,0,2012,1,18.711013515024707,43.30790284764864
temperate,perucie,13,0,0,2013,1,18.711013515024707,43.30790284764864
temperate,perucie,14,0,0,2014,1,18.711013515024707,43.30790284764864
temperate,ponds,1,0,0,2001,1,-74.95478531358069,44.01020482890455
temperate,ponds,2,0,0,2002,1,-74.95478531358069,44.01020482890455
temperate,ponds,3,0,0,2003,1,-74.95478531358069,44.01020482890455
temperate,ponds,4,0,0,2004,1,-74.95478531358069,44.01020482890455
temperate,ponds,5,0,0,2005,1,-74.95478531358069,44.01020482890455
temperate,ponds,6,0,0,2006,1,-74.95478531358069,44.01020482890455
temperate,ponds,7,0,0,2007,1,-74.95478531358069,44.01020482890455
temperate,ponds,8,0,0,2008,1,-74.95478531358069,44.01020482890455
temperate,ponds,9,0,0,2009,1,-74.95478531358069,44.01020482890455
temperate,ponds,10,0,0,2010,1,-74.95478531358069,44.01020482890455
temperate,ponds,11,0,0,2011,1,-74.95478531358069,44.01020482890455
temperate,ponds,12,0,0,2012,1,-74.95478531358069,44.01020482890455
temperate,ponds,13,0,0,2013,1,-74.95478531358069,44.01020482890455
temperate,ponds,14,0,0,2014,1,-74.95478531358069,44.01020482890455
temperate,porcupine,1,0,0,2001,2,-89.77250057663416,46.76334608351305
temperate,porcupine,2,0,0,2002,2,-89.77250057663416,46.76334608351305
temperate,porcupine,3,0,0,2003,2,-89.77250057663416,46.76334608351305
temperate,porcupine,4,0,0,2004,2,-89.77250057663416,46.76334608351305
temperate,porcupine,5,0,0,2005,2,-89.77250057663416,46.76334608351305
temperate,porcupine,6,0,0,2006,2,-89.77250057663416,46.76334608351305
temperate,porcupine,7,0,0,2007,2,-89.77250057663416,46.76334608351305
temperate,porcupine,8,0,0,2008,2,-89.77250057663416,46.76334608351305
temperate,porcupine,9,0,0,2009,2,-89.77250057663416,46.76334608351305
temperate,porcupine,10,0,0,2010,2,-89.77250057663416,46.76334608351305
temperate,porcupine,11,0,0,2011,2,-89.77250057663416,46.76334608351305
temperate,porcupine,12,0,0,2012,2,-89.77250057663416,46.76334608351305
temperate,porcupine,13,0,0,2013,2,-89.77250057663416,46.76334608351305
temperate,porcupine,14,0,0,2014,2,-89.77250057663416,46.76334608351305
temperate,reed,1,0,0,2001,2,-69.07098309586529,46.34940208788597
temperate,reed,2,0,0,2002,2,-69.07098309586529,46.34940208788597
temperate,reed,3,0,0,2003,2,-69.07098309586529,46.34940208788597
temperate,reed,4,0,0,2004,2,-69.07098309586529,46.34940208788597
temperate,reed,5,0,0,2005,2,-69.07098309586529,46.34940208788597
temperate,reed,6,0,0,2006,2,-69.07098309586529,46.34940208788597
temperate,reed,7,0,0,2007,2,-69.07098309586529,46.34940208788597
temperate,reed,8,0,0,2008,2,-69.07098309586529,46.34940208788597
temperate,reed,9,0,0,2009,2,-69.07098309586529,46.34940208788597
temperate,reed,10,0,0,2010,2,-69.07098309586529,46.34940208788597
temperate,reed,11,0,0,2011,2,-69.07098309586529,46.34940208788597
temperate,reed,12,0,0,2012,2,-69.07098309586529,46.34940208788597
temperate,reed,13,0,0,2013,2,-69.07098309586529,46.34940208788597
temperate,reed,14,0,0,2014,2,-69.07098309586529,46.34940208788597
temperate,risnjak,1,0,0,2001,2,14.646621346416152,45.43257357671387
temperate,risnjak,2,0,0,2002,2,14.646621346416152,45.43257357671387
temperate,risnjak,3,0,0,2003,2,14.646621346416152,45.43257357671387
temperate,risnjak,4,0,0,2004,2,14.646621346416152,45.43257357671387
temperate,risnjak,5,0,0,2005,2,14.646621346416152,45.43257357671387
temperate,risnjak,6,0,0,2006,2,14.646621346416152,45.43257357671387
temperate,risnjak,7,0,0,2007,2,14.646621346416152,45.43257357671387
temperate,risnjak,8,0,0,2008,2,14.646621346416152,45.43257357671387
temperate,risnjak,9,0,0,2009,2,14.646621346416152,45.43257357671387
temperate,risnjak,10,0,0,2010,2,14.646621346416152,45.43257357671387
temperate,risnjak,11,0,0,2011,2,14.646621346416152,45.43257357671387
temperate,risnjak,12,0,0,2012,2,14.646621346416152,45.43257357671387
temperate,risnjak,13,0,0,2013,2,14.646621346416152,45.43257357671387
temperate,risnjak,14,0,0,2014,2,14.646621346416152,45.43257357671387
temperate,sub,1,0,7344,2001,2,145.12156503821,44.08833103513054
temperate,sub,2,0,7344,2002,2,145.12156503821,44.08833103513054
temperate,sub,3,0,7344,2003,2,145.12156503821,44.08833103513054
temperate,sub,4,0.09,7344,2004,2,145.12156503821,44.08833103513054
temperate,sub,5,0,7344,2005,2,145.12156503821,44.08833103513054
temperate,sub,6,0,7344,2006,2,145.12156503821,44.08833103513054
temperate,sub,7,0,7344,2007,2,145.12156503821,44.08833103513054
temperate,sub,8,0,7344,2008,2,145.12156503821,44.08833103513054
temperate,sub,9,0,7344,2009,2,145.12156503821,44.08833103513054
temperate,sub,10,0,7344,2010,2,145.12156503821,44.08833103513054
temperate,sub,11,0,7344,2011,2,145.12156503821,44.08833103513054
temperate,sub,12,0,7344,2012,2,145.12156503821,44.08833103513054
temperate,sub,13,0.18,7344,2013,2,145.12156503821,44.08833103513054
temperate,sub,14,0,7344,2014,2,145.12156503821,44.08833103513054
temperate,sumava,1,0.18,2160,2001,2,13.458402773612544,48.99036226315622
temperate,sumava,2,12.78,2160,2002,2,13.458402773612544,48.99036226315622
temperate,sumava,3,0,2160,2003,2,13.458402773612544,48.99036226315622
temperate,sumava,4,126.53999999999999,2160,2004,2,13.458402773612544,48.99036226315622
temperate,sumava,5,28.799999999999997,2160,2005,2,13.458402773612544,48.99036226315622
temperate,sumava,6,0,2160,2006,2,13.458402773612544,48.99036226315622
temperate,sumava,7,23.759999999999998,2160,2007,2,13.458402773612544,48.99036226315622
temperate,sumava,8,35.19,2160,2008,2,13.458402773612544,48.99036226315622
temperate,sumava,9,35.82,2160,2009,2,13.458402773612544,48.99036226315622
temperate,sumava,10,17.28,2160,2010,2,13.458402773612544,48.99036226315622
temperate,sumava,11,11.16,2160,2011,2,13.458402773612544,48.99036226315622
temperate,sumava,12,20.88,2160,2012,2,13.458402773612544,48.99036226315622
temperate,sumava,13,0.09,2160,2013,2,13.458402773612544,48.99036226315622
temperate,sumava,14,2.88,2160,2014,2,13.458402773612544,48.99036226315622
temperate,sylvania,1,0,720,2001,1,-89.294214752857485,46.21101956240995
temperate,sylvania,2,0,720,2002,1,-89.294214752857485,46.21101956240995
temperate,sylvania,3,0,720,2003,1,-89.294214752857485,46.21101956240995
temperate,sylvania,4,0,720,2004,1,-89.294214752857485,46.21101956240995
temperate,sylvania,5,0,720,2005,1,-89.294214752857485,46.21101956240995
temperate,sylvania,6,0.09,720,2006,1,-89.294214752857485,46.21101956240995
temperate,sylvania,7,0.44999999999999996,720,2007,1,-89.294214752857485,46.21101956240995
temperate,sylvania,8,0,720,2008,1,-89.294214752857485,46.21101956240995
temperate,sylvania,9,0,720,2009,1,-89.294214752857485,46.21101956240995
temperate,sylvania,10,0,720,2010,1,-89.294214752857485,46.21101956240995
temperate,sylvania,11,0,720,2011,1,-89.294214752857485,46.21101956240995
temperate,sylvania,12,0,720,2012,1,-89.294214752857485,46.21101956240995
temperate,sylvania,13,0,720,2013,1,-89.294214752857485,46.21101956240995
temperate,sylvania,14,0,720,2014,1,-89.294214752857485,46.21101956240995
temperate,uholka,1,0,0,2001,1,23.66589052036905,48.27463913314127
temperate,uholka,2,0,0,2002,1,23.66589052036905,48.27463913314127
temperate,uholka,3,0,0,2003,1,23.66589052036905,48.27463913314127
temperate,uholka,4,0,0,2004,1,23.66589052036905,48.27463913314127
temperate,uholka,5,0,0,2005,1,23.66589052036905,48.27463913314127
temperate,uholka,6,0,0,2006,1,23.66589052036905,48.27463913314127
temperate,uholka,7,0,0,2007,1,23.66589052036905,48.27463913314127
temperate,uholka,8,0,0,2008,1,23.66589052036905,48.27463913314127
temperate,uholka,9,0,0,2009,1,23.66589052036905,48.27463913314127
temperate,uholka,10,0,0,2010,1,23.66589052036905,48.27463913314127
temperate,uholka,11,0,0,2011,1,23.66589052036905,48.27463913314127
temperate,uholka,12,0,0,2012,1,23.66589052036905,48.27463913314127
temperate,uholka,13,0,0,2013,1,23.66589052036905,48.27463913314127
temperate,uholka,14,0,0,2014,1,23.66589052036905,48.27463913314127
temperate,weminuche,1,430.2,87120,2001,3,-107.28667376128337,37.60331557116128
temperate,weminuche,2,298.44,87120,2002,3,-107.28667376128337,37.60331557116128
temperate,weminuche,3,408.15,87120,2003,3,-107.28667376128337,37.60331557116128
temperate,weminuche,4,405.18,87120,2004,3,-107.28667376128337,37.60331557116128
temperate,weminuche,5,359.37,87120,2005,3,-107.28667376128337,37.60331557116128
temperate,weminuche,6,38.519999999999996,87120,2006,3,-107.28667376128337,37.60331557116128
temperate,weminuche,7,399.78,87120,2007,3,-107.28667376128337,37.60331557116128
temperate,weminuche,8,210.95999999999998,87120,2008,3,-107.28667376128337,37.60331557116128
temperate,weminuche,9,161.37,87120,2009,3,-107.28667376128337,37.60331557116128
temperate,weminuche,10,400.14,87120,2010,3,-107.28667376128337,37.60331557116128
temperate,weminuche,11,350.09999999999997,87120,2011,3,-107.28667376128337,37.60331557116128
temperate,weminuche,12,86.13,87120,2012,3,-107.28667376128337,37.60331557116128
temperate,weminuche,13,1410.48,87120,2013,3,-107.28667376128337,37.60331557116128
temperate,weminuche,14,41.67,87120,2014,3,-107.28667376128337,37.60331557116128
temperate,yellowstone,1,4234.68,1065744,2001,3,-110.30559793548129,44.5348739794386
temperate,yellowstone,2,650.97,1065744,2002,3,-110.30559793548129,44.5348739794386
temperate,yellowstone,3,1191.87,1065744,2003,3,-110.30559793548129,44.5348739794386
temperate,yellowstone,4,2626.38,1065744,2004,3,-110.30559793548129,44.5348739794386
temperate,yellowstone,5,3560.7599999999998,1065744,2005,3,-110.30559793548129,44.5348739794386
temperate,yellowstone,6,1090.08,1065744,2006,3,-110.30559793548129,44.5348739794386
temperate,yellowstone,7,2562.12,1065744,2007,3,-110.30559793548129,44.5348739794386
temperate,yellowstone,8,5343.48,1065744,2008,3,-110.30559793548129,44.5348739794386
temperate,yellowstone,9,1040.31,1065744,2009,3,-110.30559793548129,44.5348739794386
temperate,yellowstone,10,1033.74,1065744,2010,3,-110.30559793548129,44.5348739794386
temperate,yellowstone,11,4765.95,1065744,2011,3,-110.30559793548129,44.5348739794386
temperate,yellowstone,12,771.8399999999999,1065744,2012,3,-110.30559793548129,44.5348739794386
temperate,yellowstone,13,1400.1299999999999,1065744,2013,3,-110.30559793548129,44.5348739794386
temperate,yellowstone,14,1011.87,1065744,2014,3,-110.30559793548129,44.5348739794386
temperate,zirkel,1,72.36,22176,2001,3,-106.7017570612496,40.76846946847521
temperate,zirkel,2,234.17999999999998,22176,2002,3,-106.7017570612496,40.76846946847521
temperate,zirkel,3,118.08,22176,2003,3,-106.7017570612496,40.76846946847521
temperate,zirkel,4,12.42,22176,2004,3,-106.7017570612496,40.76846946847521
temperate,zirkel,5,162.54,22176,2005,3,-106.7017570612496,40.76846946847521
temperate,zirkel,6,5.22,22176,2006,3,-106.7017570612496,40.76846946847521
temperate,zirkel,7,66.06,22176,2007,3,-106.7017570612496,40.76846946847521
temperate,zirkel,8,371.43,22176,2008,3,-106.7017570612496,40.76846946847521
temperate,zirkel,9,0.72,22176,2009,3,-106.7017570612496,40.76846946847521
temperate,zirkel,10,482.4,22176,2010,3,-106.7017570612496,40.76846946847521
temperate,zirkel,11,245.16,22176,2011,3,-106.7017570612496,40.76846946847521
temperate,zirkel,12,4.59,22176,2012,3,-106.7017570612496,40.76846946847521
temperate,zirkel,13,8.37,22176,2013,3,-106.7017570612496,40.76846946847521
temperate,zirkel,14,6.12,22176,2014,3,-106.7017570612496,40.76846946847521
