biome,site,value,disturbance_ha,closedforest_ha,year,cluster,x,y
boreal,AIGUEBELLE,1,3.06,25344,2001,2,-78.74459537800524,48.50957231070758
boreal,AIGUEBELLE,2,2.88,25344,2002,2,-78.74459537800524,48.50957231070758
boreal,AIGUEBELLE,3,0.18,25344,2003,2,-78.74459537800524,48.50957231070758
boreal,AIGUEBELLE,4,6.39,25344,2004,2,-78.74459537800524,48.50957231070758
boreal,AIGUEBELLE,5,5.31,25344,2005,2,-78.74459537800524,48.50957231070758
boreal,AIGUEBELLE,6,2.34,25344,2006,2,-78.74459537800524,48.50957231070758
boreal,AIGUEBELLE,7,4.2299999999999995,25344,2007,2,-78.74459537800524,48.50957231070758
boreal,AIGUEBELLE,8,2.6999999999999997,25344,2008,2,-78.74459537800524,48.50957231070758
boreal,AIGUEBELLE,9,2.34,25344,2009,2,-78.74459537800524,48.50957231070758
boreal,AIGUEBELLE,10,2.79,25344,2010,2,-78.74459537800524,48.50957231070758
boreal,AIGUEBELLE,11,3.2399999999999998,25344,2011,2,-78.74459537800524,48.50957231070758
boreal,AIGUEBELLE,12,16.2,25344,2012,2,-78.74459537800524,48.50957231070758
boreal,AIGUEBELLE,13,46.8,25344,2013,2,-78.74459537800524,48.50957231070758
boreal,AIGUEBELLE,14,2.07,25344,2014,2,-78.74459537800524,48.50957231070758
boreal,AKUMUNAN,1,0.72,20016,2001,2,-70.11807932292275,48.678370533021216
boreal,AKUMUNAN,2,1.44,20016,2002,2,-70.11807932292275,48.678370533021216
boreal,AKUMUNAN,3,0,20016,2003,2,-70.11807932292275,48.678370533021216
boreal,AKUMUNAN,4,0.18,20016,2004,2,-70.11807932292275,48.678370533021216
boreal,AKUMUNAN,5,3.06,20016,2005,2,-70.11807932292275,48.678370533021216
boreal,AKUMUNAN,6,0.27,20016,2006,2,-70.11807932292275,48.678370533021216
boreal,AKUMUNAN,7,1.17,20016,2007,2,-70.11807932292275,48.678370533021216
boreal,AKUMUNAN,8,1.6199999999999999,20016,2008,2,-70.11807932292275,48.678370533021216
boreal,AKUMUNAN,9,0.18,20016,2009,2,-70.11807932292275,48.678370533021216
boreal,AKUMUNAN,10,0.8999999999999999,20016,2010,2,-70.11807932292275,48.678370533021216
boreal,AKUMUNAN,11,0.8999999999999999,20016,2011,2,-70.11807932292275,48.678370533021216
boreal,AKUMUNAN,12,1.44,20016,2012,2,-70.11807932292275,48.678370533021216
boreal,AKUMUNAN,13,0,20016,2013,2,-70.11807932292275,48.678370533021216
boreal,AKUMUNAN,14,0.18,20016,2014,2,-70.11807932292275,48.678370533021216
boreal,ASSINICA,1,7.47,139248,2001,3,-75.12814285786246,50.34610084850191
boreal,ASSINICA,2,17.009999999999998,139248,2002,3,-75.12814285786246,50.34610084850191
boreal,ASSINICA,3,17.099999999999998,139248,2003,3,-75.12814285786246,50.34610084850191
boreal,ASSINICA,4,31.41,139248,2004,3,-75.12814285786246,50.34610084850191
boreal,ASSINICA,5,408.78,139248,2005,3,-75.12814285786246,50.34610084850191
boreal,ASSINICA,6,308.43,139248,2006,3,-75.12814285786246,50.34610084850191
boreal,ASSINICA,7,425.96999999999997,139248,2007,3,-75.12814285786246,50.34610084850191
boreal,ASSINICA,8,59.94,139248,2008,3,-75.12814285786246,50.34610084850191
boreal,ASSINICA,9,47.339999999999996,139248,2009,3,-75.12814285786246,50.34610084850191
boreal,ASSINICA,10,16.83,139248,2010,3,-75.12814285786246,50.34610084850191
boreal,ASSINICA,11,6.39,139248,2011,3,-75.12814285786246,50.34610084850191
boreal,ASSINICA,12,308.34,139248,2012,3,-75.12814285786246,50.34610084850191
boreal,ASSINICA,13,8.459999999999999,139248,2013,3,-75.12814285786246,50.34610084850191
boreal,ASSINICA,14,20.61,139248,2014,3,-75.12814285786246,50.34610084850191
boreal,BEKKARFJORD,1,0,0,2001,3,27.376787890514166,70.55448908749581
boreal,BEKKARFJORD,2,0,0,2002,3,27.376787890514166,70.55448908749581
boreal,BEKKARFJORD,3,0,0,2003,3,27.376787890514166,70.55448908749581
boreal,BEKKARFJORD,4,0,0,2004,3,27.376787890514166,70.55448908749581
boreal,BEKKARFJORD,5,0,0,2005,3,27.376787890514166,70.55448908749581
boreal,BEKKARFJORD,6,0,0,2006,3,27.376787890514166,70.55448908749581
boreal,BEKKARFJORD,7,0,0,2007,3,27.376787890514166,70.55448908749581
boreal,BEKKARFJORD,8,0,0,2008,3,27.376787890514166,70.55448908749581
boreal,BEKKARFJORD,9,0,0,2009,3,27.376787890514166,70.55448908749581
boreal,BEKKARFJORD,10,0,0,2010,3,27.376787890514166,70.55448908749581
boreal,BEKKARFJORD,11,0,0,2011,3,27.376787890514166,70.55448908749581
boreal,BEKKARFJORD,12,0,0,2012,3,27.376787890514166,70.55448908749581
boreal,BEKKARFJORD,13,0,0,2013,3,27.376787890514166,70.55448908749581
boreal,BEKKARFJORD,14,0,0,2014,3,27.376787890514166,70.55448908749581
boreal,BROADBACK,1,11.7,344448,2001,3,-77.21444887447923,50.96609354683325
boreal,BROADBACK,2,76.05,344448,2002,3,-77.21444887447923,50.96609354683325
boreal,BROADBACK,3,0.27,344448,2003,3,-77.21444887447923,50.96609354683325
boreal,BROADBACK,4,16.2,344448,2004,3,-77.21444887447923,50.96609354683325
boreal,BROADBACK,5,3831.39,344448,2005,3,-77.21444887447923,50.96609354683325
boreal,BROADBACK,6,2576.52,344448,2006,3,-77.21444887447923,50.96609354683325
boreal,BROADBACK,7,401.21999999999997,344448,2007,3,-77.21444887447923,50.96609354683325
boreal,BROADBACK,8,177.48,344448,2008,3,-77.21444887447923,50.96609354683325
boreal,BROADBACK,9,262.71,344448,2009,3,-77.21444887447923,50.96609354683325
boreal,BROADBACK,10,16094.16,344448,2010,3,-77.21444887447923,50.96609354683325
boreal,BROADBACK,11,4835.61,344448,2011,3,-77.21444887447923,50.96609354683325
boreal,BROADBACK,12,2834.73,344448,2012,3,-77.21444887447923,50.96609354683325
boreal,BROADBACK,13,13543.109999999999,344448,2013,3,-77.21444887447923,50.96609354683325
boreal,BROADBACK,14,774.27,344448,2014,3,-77.21444887447923,50.96609354683325
boreal,CARTIER,1,2.07,66528,2001,2,-71.34785213179656,47.31721033605456
boreal,CARTIER,2,1.6199999999999999,66528,2002,2,-71.34785213179656,47.31721033605456
boreal,CARTIER,3,0.18,66528,2003,2,-71.34785213179656,47.31721033605456
boreal,CARTIER,4,1.98,66528,2004,2,-71.34785213179656,47.31721033605456
boreal,CARTIER,5,2.6999999999999997,66528,2005,2,-71.34785213179656,47.31721033605456
boreal,CARTIER,6,1.71,66528,2006,2,-71.34785213179656,47.31721033605456
boreal,CARTIER,7,3.06,66528,2007,2,-71.34785213179656,47.31721033605456
boreal,CARTIER,8,1.08,66528,2008,2,-71.34785213179656,47.31721033605456
boreal,CARTIER,9,6.39,66528,2009,2,-71.34785213179656,47.31721033605456
boreal,CARTIER,10,3.33,66528,2010,2,-71.34785213179656,47.31721033605456
boreal,CARTIER,11,7.92,66528,2011,2,-71.34785213179656,47.31721033605456
boreal,CARTIER,12,24.57,66528,2012,2,-71.34785213179656,47.31721033605456
boreal,CARTIER,13,76.41,66528,2013,2,-71.34785213179656,47.31721033605456
boreal,CARTIER,14,9.36,66528,2014,2,-71.34785213179656,47.31721033605456
boreal,CENTRALFOR,1,0.27,4752,2001,1,32.904219793807876,56.500150495467864
boreal,CENTRALFOR,2,0.63,4752,2002,1,32.904219793807876,56.500150495467864
boreal,CENTRALFOR,3,0,4752,2003,1,32.904219793807876,56.500150495467864
boreal,CENTRALFOR,4,0.09,4752,2004,1,32.904219793807876,56.500150495467864
boreal,CENTRALFOR,5,0.63,4752,2005,1,32.904219793807876,56.500150495467864
boreal,CENTRALFOR,6,0.27,4752,2006,1,32.904219793807876,56.500150495467864
boreal,CENTRALFOR,7,0.18,4752,2007,1,32.904219793807876,56.500150495467864
boreal,CENTRALFOR,8,0.54,4752,2008,1,32.904219793807876,56.500150495467864
boreal,CENTRALFOR,9,0.27,4752,2009,1,32.904219793807876,56.500150495467864
boreal,CENTRALFOR,10,2.6999999999999997,4752,2010,1,32.904219793807876,56.500150495467864
boreal,CENTRALFOR,11,0.54,4752,2011,1,32.904219793807876,56.500150495467864
boreal,CENTRALFOR,12,1.17,4752,2012,1,32.904219793807876,56.500150495467864
boreal,CENTRALFOR,13,3.42,4752,2013,1,32.904219793807876,56.500150495467864
boreal,CENTRALFOR,14,0,4752,2014,1,32.904219793807876,56.500150495467864
boreal,DENALI,1,0.09,31104,2001,3,-151.31823288945975,63.70496598029628
boreal,DENALI,2,1.7999999999999998,31104,2002,3,-151.31823288945975,63.70496598029628
boreal,DENALI,3,0.09,31104,2003,3,-151.31823288945975,63.70496598029628
boreal,DENALI,4,0.54,31104,2004,3,-151.31823288945975,63.70496598029628
boreal,DENALI,5,0.27,31104,2005,3,-151.31823288945975,63.70496598029628
boreal,DENALI,6,0.09,31104,2006,3,-151.31823288945975,63.70496598029628
boreal,DENALI,7,35.55,31104,2007,3,-151.31823288945975,63.70496598029628
boreal,DENALI,8,0.09,31104,2008,3,-151.31823288945975,63.70496598029628
boreal,DENALI,9,0.54,31104,2009,3,-151.31823288945975,63.70496598029628
boreal,DENALI,10,21.96,31104,2010,3,-151.31823288945975,63.70496598029628
boreal,DENALI,11,111.06,31104,2011,3,-151.31823288945975,63.70496598029628
boreal,DENALI,12,182.16,31104,2012,3,-151.31823288945975,63.70496598029628
boreal,DENALI,13,1101.42,31104,2013,3,-151.31823288945975,63.70496598029628
boreal,DENALI,14,15.93,31104,2014,3,-151.31823288945975,63.70496598029628
boreal,DENEZHKIN,1,59.58,72432,2001,3,59.48809548666293,60.5089723572197
boreal,DENEZHKIN,2,18.72,72432,2002,3,59.48809548666293,60.5089723572197
boreal,DENEZHKIN,3,48.6,72432,2003,3,59.48809548666293,60.5089723572197
boreal,DENEZHKIN,4,9.99,72432,2004,3,59.48809548666293,60.5089723572197
boreal,DENEZHKIN,5,1.6199999999999999,72432,2005,3,59.48809548666293,60.5089723572197
boreal,DENEZHKIN,6,34.379999999999995,72432,2006,3,59.48809548666293,60.5089723572197
boreal,DENEZHKIN,7,1.89,72432,2007,3,59.48809548666293,60.5089723572197
boreal,DENEZHKIN,8,3.51,72432,2008,3,59.48809548666293,60.5089723572197
boreal,DENEZHKIN,9,2.4299999999999997,72432,2009,3,59.48809548666293,60.5089723572197
boreal,DENEZHKIN,10,255.78,72432,2010,3,59.48809548666293,60.5089723572197
boreal,DENEZHKIN,11,1216.8,72432,2011,3,59.48809548666293,60.5089723572197
boreal,DENEZHKIN,12,309.59999999999997,72432,2012,3,59.48809548666293,60.5089723572197
boreal,DENEZHKIN,13,64.08,72432,2013,3,59.48809548666293,60.5089723572197
boreal,DENEZHKIN,14,3.2399999999999998,72432,2014,3,59.48809548666293,60.5089723572197
boreal,FARNEBOFJARDEN,1,6.029999999999999,5040,2001,1,16.784154196297216,60.2012067962209
boreal,FARNEBOFJARDEN,2,0,5040,2002,1,16.784154196297216,60.2012067962209
boreal,FARNEBOFJARDEN,3,0.27,5040,2003,1,16.784154196297216,60.2012067962209
boreal,FARNEBOFJARDEN,4,8.549999999999999,5040,2004,1,16.784154196297216,60.2012067962209
boreal,FARNEBOFJARDEN,5,0.63,5040,2005,1,16.784154196297216,60.2012067962209
boreal,FARNEBOFJARDEN,6,0.44999999999999996,5040,2006,1,16.784154196297216,60.2012067962209
boreal,FARNEBOFJARDEN,7,4.59,5040,2007,1,16.784154196297216,60.2012067962209
boreal,FARNEBOFJARDEN,8,0.09,5040,2008,1,16.784154196297216,60.2012067962209
boreal,FARNEBOFJARDEN,9,2.79,5040,2009,1,16.784154196297216,60.2012067962209
boreal,FARNEBOFJARDEN,10,0.36,5040,2010,1,16.784154196297216,60.2012067962209
boreal,FARNEBOFJARDEN,11,0.72,5040,2011,1,16.784154196297216,60.2012067962209
boreal,FARNEBOFJARDEN,12,3.42,5040,2012,1,16.784154196297216,60.2012067962209
boreal,FARNEBOFJARDEN,13,0.8099999999999999,5040,2013,1,16.784154196297216,60.2012067962209
boreal,FARNEBOFJARDEN,14,1.08,5040,2014,1,16.784154196297216,60.2012067962209
boreal,FULUFJALLET,1,0.27,5904,2001,1,12.739429569108696,61.54560240517525
boreal,FULUFJALLET,2,0,5904,2002,1,12.739429569108696,61.54560240517525
boreal,FULUFJALLET,3,0,5904,2003,1,12.739429569108696,61.54560240517525
boreal,FULUFJALLET,4,0.54,5904,2004,1,12.739429569108696,61.54560240517525
boreal,FULUFJALLET,5,0,5904,2005,1,12.739429569108696,61.54560240517525
boreal,FULUFJALLET,6,0.09,5904,2006,1,12.739429569108696,61.54560240517525
boreal,FULUFJALLET,7,0.18,5904,2007,1,12.739429569108696,61.54560240517525
boreal,FULUFJALLET,8,0.18,5904,2008,1,12.739429569108696,61.54560240517525
boreal,FULUFJALLET,9,0,5904,2009,1,12.739429569108696,61.54560240517525
boreal,FULUFJALLET,10,0.54,5904,2010,1,12.739429569108696,61.54560240517525
boreal,FULUFJALLET,11,0,5904,2011,1,12.739429569108696,61.54560240517525
boreal,FULUFJALLET,12,0.8099999999999999,5904,2012,1,12.739429569108696,61.54560240517525
boreal,FULUFJALLET,13,0.09,5904,2013,1,12.739429569108696,61.54560240517525
boreal,FULUFJALLET,14,0.18,5904,2014,1,12.739429569108696,61.54560240517525
boreal,GASPESIE,1,27.54,76464,2001,2,-66.3635944596967,48.919246317512396
boreal,GASPESIE,2,27.63,76464,2002,2,-66.3635944596967,48.919246317512396
boreal,GASPESIE,3,6.12,76464,2003,2,-66.3635944596967,48.919246317512396
boreal,GASPESIE,4,6.93,76464,2004,2,-66.3635944596967,48.919246317512396
boreal,GASPESIE,5,12.78,76464,2005,2,-66.3635944596967,48.919246317512396
boreal,GASPESIE,6,3.2399999999999998,76464,2006,2,-66.3635944596967,48.919246317512396
boreal,GASPESIE,7,25.2,76464,2007,2,-66.3635944596967,48.919246317512396
boreal,GASPESIE,8,3.42,76464,2008,2,-66.3635944596967,48.919246317512396
boreal,GASPESIE,9,84.6,76464,2009,2,-66.3635944596967,48.919246317512396
boreal,GASPESIE,10,33.57,76464,2010,2,-66.3635944596967,48.919246317512396
boreal,GASPESIE,11,9.45,76464,2011,2,-66.3635944596967,48.919246317512396
boreal,GASPESIE,12,53.55,76464,2012,2,-66.3635944596967,48.919246317512396
boreal,GASPESIE,13,30.869999999999997,76464,2013,2,-66.3635944596967,48.919246317512396
boreal,GASPESIE,14,15.93,76464,2014,2,-66.3635944596967,48.919246317512396
boreal,GODBOUT,1,0.72,20160,2001,2,-67.84602097188683,49.64752341291868
boreal,GODBOUT,2,0.54,20160,2002,2,-67.84602097188683,49.64752341291868
boreal,GODBOUT,3,0,20160,2003,2,-67.84602097188683,49.64752341291868
boreal,GODBOUT,4,0,20160,2004,2,-67.84602097188683,49.64752341291868
boreal,GODBOUT,5,0.44999999999999996,20160,2005,2,-67.84602097188683,49.64752341291868
boreal,GODBOUT,6,0,20160,2006,2,-67.84602097188683,49.64752341291868
boreal,GODBOUT,7,1.44,20160,2007,2,-67.84602097188683,49.64752341291868
boreal,GODBOUT,8,0.54,20160,2008,2,-67.84602097188683,49.64752341291868
boreal,GODBOUT,9,0.09,20160,2009,2,-67.84602097188683,49.64752341291868
boreal,GODBOUT,10,0.63,20160,2010,2,-67.84602097188683,49.64752341291868
boreal,GODBOUT,11,0.09,20160,2011,2,-67.84602097188683,49.64752341291868
boreal,GODBOUT,12,7.83,20160,2012,2,-67.84602097188683,49.64752341291868
boreal,GODBOUT,13,2.07,20160,2013,2,-67.84602097188683,49.64752341291868
boreal,GODBOUT,14,8.73,20160,2014,2,-67.84602097188683,49.64752341291868
boreal,GRIDINO,1,0,1152,2001,2,34.63680250634943,65.91443761097501
boreal,GRIDINO,2,0,1152,2002,2,34.63680250634943,65.91443761097501
boreal,GRIDINO,3,0,1152,2003,2,34.63680250634943,65.91443761097501
boreal,GRIDINO,4,0,1152,2004,2,34.63680250634943,65.91443761097501
boreal,GRIDINO,5,0,1152,2005,2,34.63680250634943,65.91443761097501
boreal,GRIDINO,6,0,1152,2006,2,34.63680250634943,65.91443761097501
boreal,GRIDINO,7,0,1152,2007,2,34.63680250634943,65.91443761097501
boreal,GRIDINO,8,0,1152,2008,2,34.63680250634943,65.91443761097501
boreal,GRIDINO,9,0,1152,2009,2,34.63680250634943,65.91443761097501
boreal,GRIDINO,10,0,1152,2010,2,34.63680250634943,65.91443761097501
boreal,GRIDINO,11,0,1152,2011,2,34.63680250634943,65.91443761097501
boreal,GRIDINO,12,0.44999999999999996,1152,2012,2,34.63680250634943,65.91443761097501
boreal,GRIDINO,13,0,1152,2013,2,34.63680250634943,65.91443761097501
boreal,GRIDINO,14,0.27,1152,2014,2,34.63680250634943,65.91443761097501
boreal,GUERNESE,1,0,167040,2001,2,-57.895799136789165,51.87080683037174
boreal,GUERNESE,2,0.09,167040,2002,2,-57.895799136789165,51.87080683037174
boreal,GUERNESE,3,0.09,167040,2003,2,-57.895799136789165,51.87080683037174
boreal,GUERNESE,4,0.18,167040,2004,2,-57.895799136789165,51.87080683037174
boreal,GUERNESE,5,0,167040,2005,2,-57.895799136789165,51.87080683037174
boreal,GUERNESE,6,0.72,167040,2006,2,-57.895799136789165,51.87080683037174
boreal,GUERNESE,7,0.36,167040,2007,2,-57.895799136789165,51.87080683037174
boreal,GUERNESE,8,6.93,167040,2008,2,-57.895799136789165,51.87080683037174
boreal,GUERNESE,9,29.34,167040,2009,2,-57.895799136789165,51.87080683037174
boreal,GUERNESE,10,29.34,167040,2010,2,-57.895799136789165,51.87080683037174
boreal,GUERNESE,11,1.17,167040,2011,2,-57.895799136789165,51.87080683037174
boreal,GUERNESE,12,3.42,167040,2012,2,-57.895799136789165,51.87080683037174
boreal,GUERNESE,13,5.31,167040,2013,2,-57.895799136789165,51.87080683037174
boreal,GUERNESE,14,0.54,167040,2014,2,-57.895799136789165,51.87080683037174
boreal,KIVACH,1,0,2160,2001,1,34.0181298039842,62.26525627915287
boreal,KIVACH,2,0,2160,2002,1,34.0181298039842,62.26525627915287
boreal,KIVACH,3,0,2160,2003,1,34.0181298039842,62.26525627915287
boreal,KIVACH,4,0.18,2160,2004,1,34.0181298039842,62.26525627915287
boreal,KIVACH,5,0,2160,2005,1,34.0181298039842,62.26525627915287
boreal,KIVACH,6,0,2160,2006,1,34.0181298039842,62.26525627915287
boreal,KIVACH,7,0,2160,2007,1,34.0181298039842,62.26525627915287
boreal,KIVACH,8,0.09,2160,2008,1,34.0181298039842,62.26525627915287
boreal,KIVACH,9,0.72,2160,2009,1,34.0181298039842,62.26525627915287
boreal,KIVACH,10,0.27,2160,2010,1,34.0181298039842,62.26525627915287
boreal,KIVACH,11,0,2160,2011,1,34.0181298039842,62.26525627915287
boreal,KIVACH,12,0.18,2160,2012,1,34.0181298039842,62.26525627915287
boreal,KIVACH,13,1.44,2160,2013,1,34.0181298039842,62.26525627915287
boreal,KIVACH,14,0,2160,2014,1,34.0181298039842,62.26525627915287
boreal,KLUANE,1,25.29,128016,2001,1,-139.20245547778103,60.63155201858082
boreal,KLUANE,2,14.399999999999999,128016,2002,1,-139.20245547778103,60.63155201858082
boreal,KLUANE,3,28.709999999999997,128016,2003,1,-139.20245547778103,60.63155201858082
boreal,KLUANE,4,29.25,128016,2004,1,-139.20245547778103,60.63155201858082
boreal,KLUANE,5,2.52,128016,2005,1,-139.20245547778103,60.63155201858082
boreal,KLUANE,6,27.27,128016,2006,1,-139.20245547778103,60.63155201858082
boreal,KLUANE,7,19.169999999999998,128016,2007,1,-139.20245547778103,60.63155201858082
boreal,KLUANE,8,21.509999999999998,128016,2008,1,-139.20245547778103,60.63155201858082
boreal,KLUANE,9,53.55,128016,2009,1,-139.20245547778103,60.63155201858082
boreal,KLUANE,10,25.11,128016,2010,1,-139.20245547778103,60.63155201858082
boreal,KLUANE,11,29.52,128016,2011,1,-139.20245547778103,60.63155201858082
boreal,KLUANE,12,41.67,128016,2012,1,-139.20245547778103,60.63155201858082
boreal,KLUANE,13,73.17,128016,2013,1,-139.20245547778103,60.63155201858082
boreal,KLUANE,14,24.84,128016,2014,1,-139.20245547778103,60.63155201858082
boreal,KOOTENAY,1,1061.9099999999999,87552,2001,3,-116.0313811570884,50.93531752049903
boreal,KOOTENAY,2,1638.72,87552,2002,3,-116.0313811570884,50.93531752049903
boreal,KOOTENAY,3,889.02,87552,2003,3,-116.0313811570884,50.93531752049903
boreal,KOOTENAY,4,9688.68,87552,2004,3,-116.0313811570884,50.93531752049903
boreal,KOOTENAY,5,161.19,87552,2005,3,-116.0313811570884,50.93531752049903
boreal,KOOTENAY,6,255.51,87552,2006,3,-116.0313811570884,50.93531752049903
boreal,KOOTENAY,7,237.78,87552,2007,3,-116.0313811570884,50.93531752049903
boreal,KOOTENAY,8,1032.03,87552,2008,3,-116.0313811570884,50.93531752049903
boreal,KOOTENAY,9,52.83,87552,2009,3,-116.0313811570884,50.93531752049903
boreal,KOOTENAY,10,66.96,87552,2010,3,-116.0313811570884,50.93531752049903
boreal,KOOTENAY,11,50.309999999999995,87552,2011,3,-116.0313811570884,50.93531752049903
boreal,KOOTENAY,12,141.84,87552,2012,3,-116.0313811570884,50.93531752049903
boreal,KOOTENAY,13,198.9,87552,2013,3,-116.0313811570884,50.93531752049903
boreal,KOOTENAY,14,127.61999999999999,87552,2014,3,-116.0313811570884,50.93531752049903
boreal,LAHEMAA,1,0.27,4320,2001,2,26.037399507301718,59.58148028056476
boreal,LAHEMAA,2,0.8099999999999999,4320,2002,2,26.037399507301718,59.58148028056476
boreal,LAHEMAA,3,0,4320,2003,2,26.037399507301718,59.58148028056476
boreal,LAHEMAA,4,0.36,4320,2004,2,26.037399507301718,59.58148028056476
boreal,LAHEMAA,5,0.72,4320,2005,2,26.037399507301718,59.58148028056476
boreal,LAHEMAA,6,0,4320,2006,2,26.037399507301718,59.58148028056476
boreal,LAHEMAA,7,1.17,4320,2007,2,26.037399507301718,59.58148028056476
boreal,LAHEMAA,8,0.18,4320,2008,2,26.037399507301718,59.58148028056476
boreal,LAHEMAA,9,1.08,4320,2009,2,26.037399507301718,59.58148028056476
boreal,LAHEMAA,10,0.27,4320,2010,2,26.037399507301718,59.58148028056476
boreal,LAHEMAA,11,19.349999999999998,4320,2011,2,26.037399507301718,59.58148028056476
boreal,LAHEMAA,12,1.26,4320,2012,2,26.037399507301718,59.58148028056476
boreal,LAHEMAA,13,0,4320,2013,2,26.037399507301718,59.58148028056476
boreal,LAHEMAA,14,0,4320,2014,2,26.037399507301718,59.58148028056476
boreal,MALTIO,1,0,5184,2001,1,28.71938564936895,67.39581934033298
boreal,MALTIO,2,0,5184,2002,1,28.71938564936895,67.39581934033298
boreal,MALTIO,3,0,5184,2003,1,28.71938564936895,67.39581934033298
boreal,MALTIO,4,0,5184,2004,1,28.71938564936895,67.39581934033298
boreal,MALTIO,5,0,5184,2005,1,28.71938564936895,67.39581934033298
boreal,MALTIO,6,0,5184,2006,1,28.71938564936895,67.39581934033298
boreal,MALTIO,7,0.09,5184,2007,1,28.71938564936895,67.39581934033298
boreal,MALTIO,8,0,5184,2008,1,28.71938564936895,67.39581934033298
boreal,MALTIO,9,0.09,5184,2009,1,28.71938564936895,67.39581934033298
boreal,MALTIO,10,0.09,5184,2010,1,28.71938564936895,67.39581934033298
boreal,MALTIO,11,0,5184,2011,1,28.71938564936895,67.39581934033298
boreal,MALTIO,12,0.54,5184,2012,1,28.71938564936895,67.39581934033298
boreal,MALTIO,13,0.18,5184,2013,1,28.71938564936895,67.39581934033298
boreal,MALTIO,14,0.27,5184,2014,1,28.71938564936895,67.39581934033298
boreal,MPECHORO,1,105.92999999999999,631008,2001,2,58.81045237460245,62.50991174383526
boreal,MPECHORO,2,71.64,631008,2002,2,58.81045237460245,62.50991174383526
boreal,MPECHORO,3,34.56,631008,2003,2,58.81045237460245,62.50991174383526
boreal,MPECHORO,4,65.52,631008,2004,2,58.81045237460245,62.50991174383526
boreal,MPECHORO,5,25.47,631008,2005,2,58.81045237460245,62.50991174383526
boreal,MPECHORO,6,81.63,631008,2006,2,58.81045237460245,62.50991174383526
boreal,MPECHORO,7,87.39,631008,2007,2,58.81045237460245,62.50991174383526
boreal,MPECHORO,8,328.68,631008,2008,2,58.81045237460245,62.50991174383526
boreal,MPECHORO,9,137.07,631008,2009,2,58.81045237460245,62.50991174383526
boreal,MPECHORO,10,494.28,631008,2010,2,58.81045237460245,62.50991174383526
boreal,MPECHORO,11,72.89999999999999,631008,2011,2,58.81045237460245,62.50991174383526
boreal,MPECHORO,12,93.33,631008,2012,2,58.81045237460245,62.50991174383526
boreal,MPECHORO,13,42.66,631008,2013,2,58.81045237460245,62.50991174383526
boreal,MPECHORO,14,21.509999999999998,631008,2014,2,58.81045237460245,62.50991174383526
boreal,MUDDUS,1,0,4320,2001,2,20.197333506389757,66.91631560674142
boreal,MUDDUS,2,0,4320,2002,2,20.197333506389757,66.91631560674142
boreal,MUDDUS,3,0,4320,2003,2,20.197333506389757,66.91631560674142
boreal,MUDDUS,4,0.18,4320,2004,2,20.197333506389757,66.91631560674142
boreal,MUDDUS,5,0,4320,2005,2,20.197333506389757,66.91631560674142
boreal,MUDDUS,6,0,4320,2006,2,20.197333506389757,66.91631560674142
boreal,MUDDUS,7,0,4320,2007,2,20.197333506389757,66.91631560674142
boreal,MUDDUS,8,0.09,4320,2008,2,20.197333506389757,66.91631560674142
boreal,MUDDUS,9,0,4320,2009,2,20.197333506389757,66.91631560674142
boreal,MUDDUS,10,0,4320,2010,2,20.197333506389757,66.91631560674142
boreal,MUDDUS,11,0.36,4320,2011,2,20.197333506389757,66.91631560674142
boreal,MUDDUS,12,2.25,4320,2012,2,20.197333506389757,66.91631560674142
boreal,MUDDUS,13,2.52,4320,2013,2,20.197333506389757,66.91631560674142
boreal,MUDDUS,14,0.18,4320,2014,2,20.197333506389757,66.91631560674142
boreal,NAHANNI,1,1378.1699999999998,1060848,2001,3,-125.88845506098424,61.609321488469774
boreal,NAHANNI,2,2870.0099999999998,1060848,2002,3,-125.88845506098424,61.609321488469774
boreal,NAHANNI,3,981.18,1060848,2003,3,-125.88845506098424,61.609321488469774
boreal,NAHANNI,4,4177.08,1060848,2004,3,-125.88845506098424,61.609321488469774
boreal,NAHANNI,5,2053.5299999999997,1060848,2005,3,-125.88845506098424,61.609321488469774
boreal,NAHANNI,6,1001.16,1060848,2006,3,-125.88845506098424,61.609321488469774
boreal,NAHANNI,7,2369.0699999999997,1060848,2007,3,-125.88845506098424,61.609321488469774
boreal,NAHANNI,8,2105.37,1060848,2008,3,-125.88845506098424,61.609321488469774
boreal,NAHANNI,9,2158.83,1060848,2009,3,-125.88845506098424,61.609321488469774
boreal,NAHANNI,10,1815.3,1060848,2010,3,-125.88845506098424,61.609321488469774
boreal,NAHANNI,11,1266.12,1060848,2011,3,-125.88845506098424,61.609321488469774
boreal,NAHANNI,12,5560.11,1060848,2012,3,-125.88845506098424,61.609321488469774
boreal,NAHANNI,13,14670.09,1060848,2013,3,-125.88845506098424,61.609321488469774
boreal,NAHANNI,14,566.73,1060848,2014,3,-125.88845506098424,61.609321488469774
boreal,NATASHQUAN,1,482.76,343152,2001,3,-61.62849197152997,51.542174187174844
boreal,NATASHQUAN,2,755.37,343152,2002,3,-61.62849197152997,51.542174187174844
boreal,NATASHQUAN,3,18.72,343152,2003,3,-61.62849197152997,51.542174187174844
boreal,NATASHQUAN,4,1241.82,343152,2004,3,-61.62849197152997,51.542174187174844
boreal,NATASHQUAN,5,9628.02,343152,2005,3,-61.62849197152997,51.542174187174844
boreal,NATASHQUAN,6,312.12,343152,2006,3,-61.62849197152997,51.542174187174844
boreal,NATASHQUAN,7,3260.8799999999997,343152,2007,3,-61.62849197152997,51.542174187174844
boreal,NATASHQUAN,8,1900.8,343152,2008,3,-61.62849197152997,51.542174187174844
boreal,NATASHQUAN,9,96.39,343152,2009,3,-61.62849197152997,51.542174187174844
boreal,NATASHQUAN,10,97.11,343152,2010,3,-61.62849197152997,51.542174187174844
boreal,NATASHQUAN,11,608.9399999999999,343152,2011,3,-61.62849197152997,51.542174187174844
boreal,NATASHQUAN,12,908.8199999999999,343152,2012,3,-61.62849197152997,51.542174187174844
boreal,NATASHQUAN,13,26495.1,343152,2013,3,-61.62849197152997,51.542174187174844
boreal,NATASHQUAN,14,2046.4199999999998,343152,2014,3,-61.62849197152997,51.542174187174844
boreal,NIQUET,1,0,15120,2001,2,-79.00782764424395,50.132428374507334
boreal,NIQUET,2,0,15120,2002,2,-79.00782764424395,50.132428374507334
boreal,NIQUET,3,0,15120,2003,2,-79.00782764424395,50.132428374507334
boreal,NIQUET,4,0,15120,2004,2,-79.00782764424395,50.132428374507334
boreal,NIQUET,5,0.27,15120,2005,2,-79.00782764424395,50.132428374507334
boreal,NIQUET,6,0,15120,2006,2,-79.00782764424395,50.132428374507334
boreal,NIQUET,7,0.09,15120,2007,2,-79.00782764424395,50.132428374507334
boreal,NIQUET,8,0.18,15120,2008,2,-79.00782764424395,50.132428374507334
boreal,NIQUET,9,0.09,15120,2009,2,-79.00782764424395,50.132428374507334
boreal,NIQUET,10,0.44999999999999996,15120,2010,2,-79.00782764424395,50.132428374507334
boreal,NIQUET,11,0.09,15120,2011,2,-79.00782764424395,50.132428374507334
boreal,NIQUET,12,0.18,15120,2012,2,-79.00782764424395,50.132428374507334
boreal,NIQUET,13,3.15,15120,2013,2,-79.00782764424395,50.132428374507334
boreal,NIQUET,14,0.27,15120,2014,2,-79.00782764424395,50.132428374507334
boreal,ONEZHKOYE,1,4.68,132336,2001,3,37.148441844837535,64.94308389444447
boreal,ONEZHKOYE,2,3.15,132336,2002,3,37.148441844837535,64.94308389444447
boreal,ONEZHKOYE,3,0.36,132336,2003,3,37.148441844837535,64.94308389444447
boreal,ONEZHKOYE,4,16.56,132336,2004,3,37.148441844837535,64.94308389444447
boreal,ONEZHKOYE,5,2.16,132336,2005,3,37.148441844837535,64.94308389444447
boreal,ONEZHKOYE,6,21.419999999999998,132336,2006,3,37.148441844837535,64.94308389444447
boreal,ONEZHKOYE,7,15.299999999999999,132336,2007,3,37.148441844837535,64.94308389444447
boreal,ONEZHKOYE,8,27.36,132336,2008,3,37.148441844837535,64.94308389444447
boreal,ONEZHKOYE,9,17.46,132336,2009,3,37.148441844837535,64.94308389444447
boreal,ONEZHKOYE,10,7.29,132336,2010,3,37.148441844837535,64.94308389444447
boreal,ONEZHKOYE,11,74.34,132336,2011,3,37.148441844837535,64.94308389444447
boreal,ONEZHKOYE,12,663.12,132336,2012,3,37.148441844837535,64.94308389444447
boreal,ONEZHKOYE,13,54.72,132336,2013,3,37.148441844837535,64.94308389444447
boreal,ONEZHKOYE,14,21.869999999999997,132336,2014,3,37.148441844837535,64.94308389444447
boreal,ONISTAGANE,1,15.12,45648,2001,3,-71.32887934833232,50.940504942683184
boreal,ONISTAGANE,2,2614.68,45648,2002,3,-71.32887934833232,50.940504942683184
boreal,ONISTAGANE,3,2765.88,45648,2003,3,-71.32887934833232,50.940504942683184
boreal,ONISTAGANE,4,921.3299999999999,45648,2004,3,-71.32887934833232,50.940504942683184
boreal,ONISTAGANE,5,32.76,45648,2005,3,-71.32887934833232,50.940504942683184
boreal,ONISTAGANE,6,51.3,45648,2006,3,-71.32887934833232,50.940504942683184
boreal,ONISTAGANE,7,164.7,45648,2007,3,-71.32887934833232,50.940504942683184
boreal,ONISTAGANE,8,25.29,45648,2008,3,-71.32887934833232,50.940504942683184
boreal,ONISTAGANE,9,22.77,45648,2009,3,-71.32887934833232,50.940504942683184
boreal,ONISTAGANE,10,29.34,45648,2010,3,-71.32887934833232,50.940504942683184
boreal,ONISTAGANE,11,66.50999999999999,45648,2011,3,-71.32887934833232,50.940504942683184
boreal,ONISTAGANE,12,5.3999999999999995,45648,2012,3,-71.32887934833232,50.940504942683184
boreal,ONISTAGANE,13,0.36,45648,2013,3,-71.32887934833232,50.940504942683184
boreal,ONISTAGANE,14,0.44999999999999996,45648,2014,3,-71.32887934833232,50.940504942683184
boreal,OSKELANEO,1,0.18,6768,2001,3,-75.2713604517207,48.185365769609156
boreal,OSKELANEO,2,0.18,6768,2002,3,-75.2713604517207,48.185365769609156
boreal,OSKELANEO,3,0,6768,2003,3,-75.2713604517207,48.185365769609156
boreal,OSKELANEO,4,0,6768,2004,3,-75.2713604517207,48.185365769609156
boreal,OSKELANEO,5,9.81,6768,2005,3,-75.2713604517207,48.185365769609156
boreal,OSKELANEO,6,15.93,6768,2006,3,-75.2713604517207,48.185365769609156
boreal,OSKELANEO,7,39.15,6768,2007,3,-75.2713604517207,48.185365769609156
boreal,OSKELANEO,8,1.6199999999999999,6768,2008,3,-75.2713604517207,48.185365769609156
boreal,OSKELANEO,9,1.08,6768,2009,3,-75.2713604517207,48.185365769609156
boreal,OSKELANEO,10,0.27,6768,2010,3,-75.2713604517207,48.185365769609156
boreal,OSKELANEO,11,0.18,6768,2011,3,-75.2713604517207,48.185365769609156
boreal,OSKELANEO,12,1.26,6768,2012,3,-75.2713604517207,48.185365769609156
boreal,OSKELANEO,13,1.6199999999999999,6768,2013,3,-75.2713604517207,48.185365769609156
boreal,OSKELANEO,14,0.72,6768,2014,3,-75.2713604517207,48.185365769609156
boreal,PPECHORO,1,1.71,10512,2001,3,57.016014551596996,61.82426849741519
boreal,PPECHORO,2,18.72,10512,2002,3,57.016014551596996,61.82426849741519
boreal,PPECHORO,3,0.54,10512,2003,3,57.016014551596996,61.82426849741519
boreal,PPECHORO,4,6.39,10512,2004,3,57.016014551596996,61.82426849741519
boreal,PPECHORO,5,50.489999999999995,10512,2005,3,57.016014551596996,61.82426849741519
boreal,PPECHORO,6,36.9,10512,2006,3,57.016014551596996,61.82426849741519
boreal,PPECHORO,7,0.09,10512,2007,3,57.016014551596996,61.82426849741519
boreal,PPECHORO,8,2.61,10512,2008,3,57.016014551596996,61.82426849741519
boreal,PPECHORO,9,2.16,10512,2009,3,57.016014551596996,61.82426849741519
boreal,PPECHORO,10,12.059999999999999,10512,2010,3,57.016014551596996,61.82426849741519
boreal,PPECHORO,11,0.8099999999999999,10512,2011,3,57.016014551596996,61.82426849741519
boreal,PPECHORO,12,0.27,10512,2012,3,57.016014551596996,61.82426849741519
boreal,PPECHORO,13,0.27,10512,2013,3,57.016014551596996,61.82426849741519
boreal,PPECHORO,14,0.8099999999999999,10512,2014,3,57.016014551596996,61.82426849741519
boreal,PRINCEALBERT,1,66.69,345744,2001,3,-106.36967462895886,53.963400742981165
boreal,PRINCEALBERT,2,587.52,345744,2002,3,-106.36967462895886,53.963400742981165
boreal,PRINCEALBERT,3,811.89,345744,2003,3,-106.36967462895886,53.963400742981165
boreal,PRINCEALBERT,4,249.92999999999998,345744,2004,3,-106.36967462895886,53.963400742981165
boreal,PRINCEALBERT,5,274.86,345744,2005,3,-106.36967462895886,53.963400742981165
boreal,PRINCEALBERT,6,517.86,345744,2006,3,-106.36967462895886,53.963400742981165
boreal,PRINCEALBERT,7,403.10999999999996,345744,2007,3,-106.36967462895886,53.963400742981165
boreal,PRINCEALBERT,8,247.41,345744,2008,3,-106.36967462895886,53.963400742981165
boreal,PRINCEALBERT,9,2952.63,345744,2009,3,-106.36967462895886,53.963400742981165
boreal,PRINCEALBERT,10,372.59999999999997,345744,2010,3,-106.36967462895886,53.963400742981165
boreal,PRINCEALBERT,11,475.02,345744,2011,3,-106.36967462895886,53.963400742981165
boreal,PRINCEALBERT,12,636.84,345744,2012,3,-106.36967462895886,53.963400742981165
boreal,PRINCEALBERT,13,88.02,345744,2013,3,-106.36967462895886,53.963400742981165
boreal,PRINCEALBERT,14,69.21,345744,2014,3,-106.36967462895886,53.963400742981165
boreal,PROVENCHER,1,0.18,14112,2001,2,-68.24133893809591,50.11355279267362
boreal,PROVENCHER,2,7.29,14112,2002,2,-68.24133893809591,50.11355279267362
boreal,PROVENCHER,3,0,14112,2003,2,-68.24133893809591,50.11355279267362
boreal,PROVENCHER,4,246.6,14112,2004,2,-68.24133893809591,50.11355279267362
boreal,PROVENCHER,5,76.14,14112,2005,2,-68.24133893809591,50.11355279267362
boreal,PROVENCHER,6,6.21,14112,2006,2,-68.24133893809591,50.11355279267362
boreal,PROVENCHER,7,37.62,14112,2007,2,-68.24133893809591,50.11355279267362
boreal,PROVENCHER,8,0.8999999999999999,14112,2008,2,-68.24133893809591,50.11355279267362
boreal,PROVENCHER,9,0.54,14112,2009,2,-68.24133893809591,50.11355279267362
boreal,PROVENCHER,10,11.07,14112,2010,2,-68.24133893809591,50.11355279267362
boreal,PROVENCHER,11,37.53,14112,2011,2,-68.24133893809591,50.11355279267362
boreal,PROVENCHER,12,14.129999999999999,14112,2012,2,-68.24133893809591,50.11355279267362
boreal,PROVENCHER,13,3.51,14112,2013,2,-68.24133893809591,50.11355279267362
boreal,PROVENCHER,14,68.67,14112,2014,2,-68.24133893809591,50.11355279267362
boreal,PUTORANA,1,0,3600,2001,2,93.94199386221358,69.03081748420199
boreal,PUTORANA,2,0,3600,2002,2,93.94199386221358,69.03081748420199
boreal,PUTORANA,3,0.18,3600,2003,2,93.94199386221358,69.03081748420199
boreal,PUTORANA,4,0.09,3600,2004,2,93.94199386221358,69.03081748420199
boreal,PUTORANA,5,0.09,3600,2005,2,93.94199386221358,69.03081748420199
boreal,PUTORANA,6,0.36,3600,2006,2,93.94199386221358,69.03081748420199
boreal,PUTORANA,7,0.18,3600,2007,2,93.94199386221358,69.03081748420199
boreal,PUTORANA,8,0,3600,2008,2,93.94199386221358,69.03081748420199
boreal,PUTORANA,9,0.44999999999999996,3600,2009,2,93.94199386221358,69.03081748420199
boreal,PUTORANA,10,0,3600,2010,2,93.94199386221358,69.03081748420199
boreal,PUTORANA,11,0.09,3600,2011,2,93.94199386221358,69.03081748420199
boreal,PUTORANA,12,0.18,3600,2012,2,93.94199386221358,69.03081748420199
boreal,PUTORANA,13,0.44999999999999996,3600,2013,2,93.94199386221358,69.03081748420199
boreal,PUTORANA,14,0,3600,2014,2,93.94199386221358,69.03081748420199
boreal,RACINE,1,0.18,25632,2001,3,-68.5000646934181,52.26140223295027
boreal,RACINE,2,56.25,25632,2002,3,-68.5000646934181,52.26140223295027
boreal,RACINE,3,2.6999999999999997,25632,2003,3,-68.5000646934181,52.26140223295027
boreal,RACINE,4,0.36,25632,2004,3,-68.5000646934181,52.26140223295027
boreal,RACINE,5,0.18,25632,2005,3,-68.5000646934181,52.26140223295027
boreal,RACINE,6,0.63,25632,2006,3,-68.5000646934181,52.26140223295027
boreal,RACINE,7,0.09,25632,2007,3,-68.5000646934181,52.26140223295027
boreal,RACINE,8,0.44999999999999996,25632,2008,3,-68.5000646934181,52.26140223295027
boreal,RACINE,9,0.44999999999999996,25632,2009,3,-68.5000646934181,52.26140223295027
boreal,RACINE,10,11.61,25632,2010,3,-68.5000646934181,52.26140223295027
boreal,RACINE,11,15.209999999999999,25632,2011,3,-68.5000646934181,52.26140223295027
boreal,RACINE,12,6.3,25632,2012,3,-68.5000646934181,52.26140223295027
boreal,RACINE,13,0,25632,2013,3,-68.5000646934181,52.26140223295027
boreal,RACINE,14,0,25632,2014,3,-68.5000646934181,52.26140223295027
boreal,REISADALEN,1,0,1296,2001,3,21.84521755377757,69.37319796716838
boreal,REISADALEN,2,0.18,1296,2002,3,21.84521755377757,69.37319796716838
boreal,REISADALEN,3,1.89,1296,2003,3,21.84521755377757,69.37319796716838
boreal,REISADALEN,4,4.32,1296,2004,3,21.84521755377757,69.37319796716838
boreal,REISADALEN,5,0.18,1296,2005,3,21.84521755377757,69.37319796716838
boreal,REISADALEN,6,0.18,1296,2006,3,21.84521755377757,69.37319796716838
boreal,REISADALEN,7,0,1296,2007,3,21.84521755377757,69.37319796716838
boreal,REISADALEN,8,0.18,1296,2008,3,21.84521755377757,69.37319796716838
boreal,REISADALEN,9,0.27,1296,2009,3,21.84521755377757,69.37319796716838
boreal,REISADALEN,10,0.36,1296,2010,3,21.84521755377757,69.37319796716838
boreal,REISADALEN,11,0,1296,2011,3,21.84521755377757,69.37319796716838
boreal,REISADALEN,12,0,1296,2012,3,21.84521755377757,69.37319796716838
boreal,REISADALEN,13,0.54,1296,2013,3,21.84521755377757,69.37319796716838
boreal,REISADALEN,14,0,1296,2014,3,21.84521755377757,69.37319796716838
boreal,RIDING,1,0,4752,2001,2,-73.11759975209418,54.72345891861901
boreal,RIDING,2,0,4752,2002,2,-73.11759975209418,54.72345891861901
boreal,RIDING,3,0,4752,2003,2,-73.11759975209418,54.72345891861901
boreal,RIDING,4,0.18,4752,2004,2,-73.11759975209418,54.72345891861901
boreal,RIDING,5,32.4,4752,2005,2,-73.11759975209418,54.72345891861901
boreal,RIDING,6,0.27,4752,2006,2,-73.11759975209418,54.72345891861901
boreal,RIDING,7,0.72,4752,2007,2,-73.11759975209418,54.72345891861901
boreal,RIDING,8,2.6999999999999997,4752,2008,2,-73.11759975209418,54.72345891861901
boreal,RIDING,9,0.54,4752,2009,2,-73.11759975209418,54.72345891861901
boreal,RIDING,10,0,4752,2010,2,-73.11759975209418,54.72345891861901
boreal,RIDING,11,0.8999999999999999,4752,2011,2,-73.11759975209418,54.72345891861901
boreal,RIDING,12,0,4752,2012,2,-73.11759975209418,54.72345891861901
boreal,RIDING,13,0.09,4752,2013,2,-73.11759975209418,54.72345891861901
boreal,RIDING,14,0,4752,2014,2,-73.11759975209418,54.72345891861901
boreal,SPATSIZI,1,182.97,295632,2001,3,-128.51330247517726,57.54357533930847
boreal,SPATSIZI,2,52.919999999999995,295632,2002,3,-128.51330247517726,57.54357533930847
boreal,SPATSIZI,3,3.78,295632,2003,3,-128.51330247517726,57.54357533930847
boreal,SPATSIZI,4,609.5699999999999,295632,2004,3,-128.51330247517726,57.54357533930847
boreal,SPATSIZI,5,74.25,295632,2005,3,-128.51330247517726,57.54357533930847
boreal,SPATSIZI,6,84.42,295632,2006,3,-128.51330247517726,57.54357533930847
boreal,SPATSIZI,7,81.36,295632,2007,3,-128.51330247517726,57.54357533930847
boreal,SPATSIZI,8,23.58,295632,2008,3,-128.51330247517726,57.54357533930847
boreal,SPATSIZI,9,462.59999999999997,295632,2009,3,-128.51330247517726,57.54357533930847
boreal,SPATSIZI,10,1222.74,295632,2010,3,-128.51330247517726,57.54357533930847
boreal,SPATSIZI,11,238.5,295632,2011,3,-128.51330247517726,57.54357533930847
boreal,SPATSIZI,12,217.79999999999998,295632,2012,3,-128.51330247517726,57.54357533930847
boreal,SPATSIZI,13,57.78,295632,2013,3,-128.51330247517726,57.54357533930847
boreal,SPATSIZI,14,9.27,295632,2014,3,-128.51330247517726,57.54357533930847
boreal,STOLBY,1,4.77,57888,2001,2,92.92730789157613,55.80722531566407
boreal,STOLBY,2,24.21,57888,2002,2,92.92730789157613,55.80722531566407
boreal,STOLBY,3,4.05,57888,2003,2,92.92730789157613,55.80722531566407
boreal,STOLBY,4,40.14,57888,2004,2,92.92730789157613,55.80722531566407
boreal,STOLBY,5,25.47,57888,2005,2,92.92730789157613,55.80722531566407
boreal,STOLBY,6,16.83,57888,2006,2,92.92730789157613,55.80722531566407
boreal,STOLBY,7,1.89,57888,2007,2,92.92730789157613,55.80722531566407
boreal,STOLBY,8,40.589999999999996,57888,2008,2,92.92730789157613,55.80722531566407
boreal,STOLBY,9,16.47,57888,2009,2,92.92730789157613,55.80722531566407
boreal,STOLBY,10,78.39,57888,2010,2,92.92730789157613,55.80722531566407
boreal,STOLBY,11,55.53,57888,2011,2,92.92730789157613,55.80722531566407
boreal,STOLBY,12,19.08,57888,2012,2,92.92730789157613,55.80722531566407
boreal,STOLBY,13,8.1,57888,2013,2,92.92730789157613,55.80722531566407
boreal,STOLBY,14,42.21,57888,2014,2,92.92730789157613,55.80722531566407
boreal,TANA,1,0,0,2001,3,28.054937698387505,70.34181791964103
boreal,TANA,2,0,0,2002,3,28.054937698387505,70.34181791964103
boreal,TANA,3,0,0,2003,3,28.054937698387505,70.34181791964103
boreal,TANA,4,0,0,2004,3,28.054937698387505,70.34181791964103
boreal,TANA,5,0,0,2005,3,28.054937698387505,70.34181791964103
boreal,TANA,6,0,0,2006,3,28.054937698387505,70.34181791964103
boreal,TANA,7,0,0,2007,3,28.054937698387505,70.34181791964103
boreal,TANA,8,0,0,2008,3,28.054937698387505,70.34181791964103
boreal,TANA,9,0,0,2009,3,28.054937698387505,70.34181791964103
boreal,TANA,10,0,0,2010,3,28.054937698387505,70.34181791964103
boreal,TANA,11,0,0,2011,3,28.054937698387505,70.34181791964103
boreal,TANA,12,0,0,2012,3,28.054937698387505,70.34181791964103
boreal,TANA,13,0,0,2013,3,28.054937698387505,70.34181791964103
boreal,TANA,14,0,0,2014,3,28.054937698387505,70.34181791964103
boreal,TIVEDEN,1,0.36,1728,2001,1,14.611452346938842,58.71615003055456
boreal,TIVEDEN,2,0,1728,2002,1,14.611452346938842,58.71615003055456
boreal,TIVEDEN,3,0,1728,2003,1,14.611452346938842,58.71615003055456
boreal,TIVEDEN,4,0.09,1728,2004,1,14.611452346938842,58.71615003055456
boreal,TIVEDEN,5,0.09,1728,2005,1,14.611452346938842,58.71615003055456
boreal,TIVEDEN,6,0,1728,2006,1,14.611452346938842,58.71615003055456
boreal,TIVEDEN,7,0.09,1728,2007,1,14.611452346938842,58.71615003055456
boreal,TIVEDEN,8,0.09,1728,2008,1,14.611452346938842,58.71615003055456
boreal,TIVEDEN,9,0.09,1728,2009,1,14.611452346938842,58.71615003055456
boreal,TIVEDEN,10,0.09,1728,2010,1,14.611452346938842,58.71615003055456
boreal,TIVEDEN,11,0,1728,2011,1,14.611452346938842,58.71615003055456
boreal,TIVEDEN,12,0.09,1728,2012,1,14.611452346938842,58.71615003055456
boreal,TIVEDEN,13,0.18,1728,2013,1,14.611452346938842,58.71615003055456
boreal,TIVEDEN,14,0,1728,2014,1,14.611452346938842,58.71615003055456
boreal,TUNGUSKA,1,24.75,165600,2001,3,101.99962384000192,60.82511091857773
boreal,TUNGUSKA,2,12.87,165600,2002,3,101.99962384000192,60.82511091857773
boreal,TUNGUSKA,3,11.07,165600,2003,3,101.99962384000192,60.82511091857773
boreal,TUNGUSKA,4,26.369999999999997,165600,2004,3,101.99962384000192,60.82511091857773
boreal,TUNGUSKA,5,24.029999999999998,165600,2005,3,101.99962384000192,60.82511091857773
boreal,TUNGUSKA,6,1113.6599999999999,165600,2006,3,101.99962384000192,60.82511091857773
boreal,TUNGUSKA,7,3026.7,165600,2007,3,101.99962384000192,60.82511091857773
boreal,TUNGUSKA,8,2148.39,165600,2008,3,101.99962384000192,60.82511091857773
boreal,TUNGUSKA,9,92.42999999999999,165600,2009,3,101.99962384000192,60.82511091857773
boreal,TUNGUSKA,10,54.18,165600,2010,3,101.99962384000192,60.82511091857773
boreal,TUNGUSKA,11,31.86,165600,2011,3,101.99962384000192,60.82511091857773
boreal,TUNGUSKA,12,2789.64,165600,2012,3,101.99962384000192,60.82511091857773
boreal,TUNGUSKA,13,792.36,165600,2013,3,101.99962384000192,60.82511091857773
boreal,TUNGUSKA,14,1105.56,165600,2014,3,101.99962384000192,60.82511091857773
boreal,TUNTSA,1,0,2448,2001,1,29.532652529938986,67.63748453278818
boreal,TUNTSA,2,0.27,2448,2002,1,29.532652529938986,67.63748453278818
boreal,TUNTSA,3,0,2448,2003,1,29.532652529938986,67.63748453278818
boreal,TUNTSA,4,0,2448,2004,1,29.532652529938986,67.63748453278818
boreal,TUNTSA,5,0,2448,2005,1,29.532652529938986,67.63748453278818
boreal,TUNTSA,6,0,2448,2006,1,29.532652529938986,67.63748453278818
boreal,TUNTSA,7,0.09,2448,2007,1,29.532652529938986,67.63748453278818
boreal,TUNTSA,8,0,2448,2008,1,29.532652529938986,67.63748453278818
boreal,TUNTSA,9,0.18,2448,2009,1,29.532652529938986,67.63748453278818
boreal,TUNTSA,10,0,2448,2010,1,29.532652529938986,67.63748453278818
boreal,TUNTSA,11,0.72,2448,2011,1,29.532652529938986,67.63748453278818
boreal,TUNTSA,12,1.3499999999999999,2448,2012,1,29.532652529938986,67.63748453278818
boreal,TUNTSA,13,0.8999999999999999,2448,2013,1,29.532652529938986,67.63748453278818
boreal,TUNTSA,14,0.44999999999999996,2448,2014,1,29.532652529938986,67.63748453278818
boreal,VALJOK,1,0,0,2001,3,26.009162824266802,69.75471600162979
boreal,VALJOK,2,0,0,2002,3,26.009162824266802,69.75471600162979
boreal,VALJOK,3,0,0,2003,3,26.009162824266802,69.75471600162979
boreal,VALJOK,4,0,0,2004,3,26.009162824266802,69.75471600162979
boreal,VALJOK,5,0,0,2005,3,26.009162824266802,69.75471600162979
boreal,VALJOK,6,0,0,2006,3,26.009162824266802,69.75471600162979
boreal,VALJOK,7,0,0,2007,3,26.009162824266802,69.75471600162979
boreal,VALJOK,8,0,0,2008,3,26.009162824266802,69.75471600162979
boreal,VALJOK,9,0,0,2009,3,26.009162824266802,69.75471600162979
boreal,VALJOK,10,0,0,2010,3,26.009162824266802,69.75471600162979
boreal,VALJOK,11,0,0,2011,3,26.009162824266802,69.75471600162979
boreal,VALJOK,12,0,0,2012,3,26.009162824266802,69.75471600162979
boreal,VALJOK,13,0,0,2013,3,26.009162824266802,69.75471600162979
boreal,VALJOK,14,0,0,2014,3,26.009162824266802,69.75471600162979
boreal,VARRIO,1,0,3168,2001,1,29.645823613056827,67.73848626900129
boreal,VARRIO,2,0,3168,2002,1,29.645823613056827,67.73848626900129
boreal,VARRIO,3,0,3168,2003,1,29.645823613056827,67.73848626900129
boreal,VARRIO,4,0,3168,2004,1,29.645823613056827,67.73848626900129
boreal,VARRIO,5,0.09,3168,2005,1,29.645823613056827,67.73848626900129
boreal,VARRIO,6,0,3168,2006,1,29.645823613056827,67.73848626900129
boreal,VARRIO,7,0,3168,2007,1,29.645823613056827,67.73848626900129
boreal,VARRIO,8,0,3168,2008,1,29.645823613056827,67.73848626900129
boreal,VARRIO,9,0,3168,2009,1,29.645823613056827,67.73848626900129
boreal,VARRIO,10,0,3168,2010,1,29.645823613056827,67.73848626900129
boreal,VARRIO,11,0,3168,2011,1,29.645823613056827,67.73848626900129
boreal,VARRIO,12,0.09,3168,2012,1,29.645823613056827,67.73848626900129
boreal,VARRIO,13,0.72,3168,2013,1,29.645823613056827,67.73848626900129
boreal,VARRIO,14,0.27,3168,2014,1,29.645823613056827,67.73848626900129
boreal,VEPPSKY,1,0,1296,2001,2,35.16801192466339,60.211758762476386
boreal,VEPPSKY,2,0,1296,2002,2,35.16801192466339,60.211758762476386
boreal,VEPPSKY,3,0,1296,2003,2,35.16801192466339,60.211758762476386
boreal,VEPPSKY,4,0,1296,2004,2,35.16801192466339,60.211758762476386
boreal,VEPPSKY,5,0,1296,2005,2,35.16801192466339,60.211758762476386
boreal,VEPPSKY,6,0,1296,2006,2,35.16801192466339,60.211758762476386
boreal,VEPPSKY,7,0,1296,2007,2,35.16801192466339,60.211758762476386
boreal,VEPPSKY,8,0,1296,2008,2,35.16801192466339,60.211758762476386
boreal,VEPPSKY,9,0,1296,2009,2,35.16801192466339,60.211758762476386
boreal,VEPPSKY,10,0,1296,2010,2,35.16801192466339,60.211758762476386
boreal,VEPPSKY,11,0,1296,2011,2,35.16801192466339,60.211758762476386
boreal,VEPPSKY,12,0,1296,2012,2,35.16801192466339,60.211758762476386
boreal,VEPPSKY,13,0.54,1296,2013,2,35.16801192466339,60.211758762476386
boreal,VEPPSKY,14,0,1296,2014,2,35.16801192466339,60.211758762476386
boreal,VISHERSKY,1,12.33,188064,2001,2,59.0329035180166,61.277891408526905
boreal,VISHERSKY,2,225.17999999999998,188064,2002,2,59.0329035180166,61.277891408526905
boreal,VISHERSKY,3,0.36,188064,2003,2,59.0329035180166,61.277891408526905
boreal,VISHERSKY,4,6.4799999999999995,188064,2004,2,59.0329035180166,61.277891408526905
boreal,VISHERSKY,5,135.54,188064,2005,2,59.0329035180166,61.277891408526905
boreal,VISHERSKY,6,59.04,188064,2006,2,59.0329035180166,61.277891408526905
boreal,VISHERSKY,7,9.18,188064,2007,2,59.0329035180166,61.277891408526905
boreal,VISHERSKY,8,25.2,188064,2008,2,59.0329035180166,61.277891408526905
boreal,VISHERSKY,9,11.43,188064,2009,2,59.0329035180166,61.277891408526905
boreal,VISHERSKY,10,9.719999999999999,188064,2010,2,59.0329035180166,61.277891408526905
boreal,VISHERSKY,11,41.4,188064,2011,2,59.0329035180166,61.277891408526905
boreal,VISHERSKY,12,32.85,188064,2012,2,59.0329035180166,61.277891408526905
boreal,VISHERSKY,13,31.14,188064,2013,2,59.0329035180166,61.277891408526905
boreal,VISHERSKY,14,10.35,188064,2014,2,59.0329035180166,61.277891408526905
boreal,VODLFIRE,1,0,1584,2001,2,37.06893681076451,62.37726476255311
boreal,VODLFIRE,2,0,1584,2002,2,37.06893681076451,62.37726476255311
boreal,VODLFIRE,3,0,1584,2003,2,37.06893681076451,62.37726476255311
boreal,VODLFIRE,4,0,1584,2004,2,37.06893681076451,62.37726476255311
boreal,VODLFIRE,5,0,1584,2005,2,37.06893681076451,62.37726476255311
boreal,VODLFIRE,6,0,1584,2006,2,37.06893681076451,62.37726476255311
boreal,VODLFIRE,7,0.18,1584,2007,2,37.06893681076451,62.37726476255311
boreal,VODLFIRE,8,1.44,1584,2008,2,37.06893681076451,62.37726476255311
boreal,VODLFIRE,9,0,1584,2009,2,37.06893681076451,62.37726476255311
boreal,VODLFIRE,10,0.09,1584,2010,2,37.06893681076451,62.37726476255311
boreal,VODLFIRE,11,0,1584,2011,2,37.06893681076451,62.37726476255311
boreal,VODLFIRE,12,0,1584,2012,2,37.06893681076451,62.37726476255311
boreal,VODLFIRE,13,0,1584,2013,2,37.06893681076451,62.37726476255311
boreal,VODLFIRE,14,0,1584,2014,2,37.06893681076451,62.37726476255311
boreal,VODLMAJOR,1,0.8099999999999999,4032,2001,1,36.790672634107516,62.46028472211058
boreal,VODLMAJOR,2,1.44,4032,2002,1,36.790672634107516,62.46028472211058
boreal,VODLMAJOR,3,1.44,4032,2003,1,36.790672634107516,62.46028472211058
boreal,VODLMAJOR,4,4.32,4032,2004,1,36.790672634107516,62.46028472211058
boreal,VODLMAJOR,5,2.07,4032,2005,1,36.790672634107516,62.46028472211058
boreal,VODLMAJOR,6,0.44999999999999996,4032,2006,1,36.790672634107516,62.46028472211058
boreal,VODLMAJOR,7,1.53,4032,2007,1,36.790672634107516,62.46028472211058
boreal,VODLMAJOR,8,0.27,4032,2008,1,36.790672634107516,62.46028472211058
boreal,VODLMAJOR,9,0.18,4032,2009,1,36.790672634107516,62.46028472211058
boreal,VODLMAJOR,10,0.36,4032,2010,1,36.790672634107516,62.46028472211058
boreal,VODLMAJOR,11,0.18,4032,2011,1,36.790672634107516,62.46028472211058
boreal,VODLMAJOR,12,1.08,4032,2012,1,36.790672634107516,62.46028472211058
boreal,VODLMAJOR,13,2.61,4032,2013,1,36.790672634107516,62.46028472211058
boreal,VODLMAJOR,14,7.83,4032,2014,1,36.790672634107516,62.46028472211058
boreal,WABAKIMI,1,124.19999999999999,721296,2001,3,-89.421208966451,50.757182099162414
boreal,WABAKIMI,2,5312.5199999999995,721296,2002,3,-89.421208966451,50.757182099162414
boreal,WABAKIMI,3,65.16,721296,2003,3,-89.421208966451,50.757182099162414
boreal,WABAKIMI,4,591.5699999999999,721296,2004,3,-89.421208966451,50.757182099162414
boreal,WABAKIMI,5,2375.91,721296,2005,3,-89.421208966451,50.757182099162414
boreal,WABAKIMI,6,2650.5,721296,2006,3,-89.421208966451,50.757182099162414
boreal,WABAKIMI,7,332.90999999999997,721296,2007,3,-89.421208966451,50.757182099162414
boreal,WABAKIMI,8,188.28,721296,2008,3,-89.421208966451,50.757182099162414
boreal,WABAKIMI,9,1161.81,721296,2009,3,-89.421208966451,50.757182099162414
boreal,WABAKIMI,10,222.48,721296,2010,3,-89.421208966451,50.757182099162414
boreal,WABAKIMI,11,7719.12,721296,2011,3,-89.421208966451,50.757182099162414
boreal,WABAKIMI,12,9916.02,721296,2012,3,-89.421208966451,50.757182099162414
boreal,WABAKIMI,13,438.57,721296,2013,3,-89.421208966451,50.757182099162414
boreal,WABAKIMI,14,130.59,721296,2014,3,-89.421208966451,50.757182099162414
boreal,WOODBUFFALO,1,3300.8399999999997,2335536,2001,3,-113.25811854113374,59.35499555278062
boreal,WOODBUFFALO,2,2450.16,2335536,2002,3,-113.25811854113374,59.35499555278062
boreal,WOODBUFFALO,3,10610.82,2335536,2003,3,-113.25811854113374,59.35499555278062
boreal,WOODBUFFALO,4,66741.66,2335536,2004,3,-113.25811854113374,59.35499555278062
boreal,WOODBUFFALO,5,29175.57,2335536,2005,3,-113.25811854113374,59.35499555278062
boreal,WOODBUFFALO,6,12484.98,2335536,2006,3,-113.25811854113374,59.35499555278062
boreal,WOODBUFFALO,7,38983.77,2335536,2007,3,-113.25811854113374,59.35499555278062
boreal,WOODBUFFALO,8,8362.619999999999,2335536,2008,3,-113.25811854113374,59.35499555278062
boreal,WOODBUFFALO,9,571.9499999999999,2335536,2009,3,-113.25811854113374,59.35499555278062
boreal,WOODBUFFALO,10,2269.5299999999997,2335536,2010,3,-113.25811854113374,59.35499555278062
boreal,WOODBUFFALO,11,13757.67,2335536,2011,3,-113.25811854113374,59.35499555278062
boreal,WOODBUFFALO,12,105747.12,2335536,2012,3,-113.25811854113374,59.35499555278062
boreal,WOODBUFFALO,13,13350.96,2335536,2013,3,-113.25811854113374,59.35499555278062
boreal,WOODBUFFALO,14,48203.28,2335536,2014,3,-113.25811854113374,59.35499555278062
boreal,WOODLANDCARIBOU,1,298.62,353664,2001,3,-94.73726503401242,51.084623128276924
boreal,WOODLANDCARIBOU,2,303.3,353664,2002,3,-94.73726503401242,51.084623128276924
boreal,WOODLANDCARIBOU,3,522.99,353664,2003,3,-94.73726503401242,51.084623128276924
boreal,WOODLANDCARIBOU,4,107.55,353664,2004,3,-94.73726503401242,51.084623128276924
boreal,WOODLANDCARIBOU,5,978.48,353664,2005,3,-94.73726503401242,51.084623128276924
boreal,WOODLANDCARIBOU,6,2960.64,353664,2006,3,-94.73726503401242,51.084623128276924
boreal,WOODLANDCARIBOU,7,440.46,353664,2007,3,-94.73726503401242,51.084623128276924
boreal,WOODLANDCARIBOU,8,600.39,353664,2008,3,-94.73726503401242,51.084623128276924
boreal,WOODLANDCARIBOU,9,166.76999999999998,353664,2009,3,-94.73726503401242,51.084623128276924
boreal,WOODLANDCARIBOU,10,149.85,353664,2010,3,-94.73726503401242,51.084623128276924
boreal,WOODLANDCARIBOU,11,1102.4099999999999,353664,2011,3,-94.73726503401242,51.084623128276924
boreal,WOODLANDCARIBOU,12,15847.109999999999,353664,2012,3,-94.73726503401242,51.084623128276924
boreal,WOODLANDCARIBOU,13,3945.24,353664,2013,3,-94.73726503401242,51.084623128276924
boreal,WOODLANDCARIBOU,14,399.24,353664,2014,3,-94.73726503401242,51.084623128276924
boreal,YUGYDVA,1,422.19,1030464,2001,2,59.376513217724764,64.68363250223118
boreal,YUGYDVA,2,62.64,1030464,2002,2,59.376513217724764,64.68363250223118
boreal,YUGYDVA,3,134.37,1030464,2003,2,59.376513217724764,64.68363250223118
boreal,YUGYDVA,4,173.34,1030464,2004,2,59.376513217724764,64.68363250223118
boreal,YUGYDVA,5,79.11,1030464,2005,2,59.376513217724764,64.68363250223118
boreal,YUGYDVA,6,109.17,1030464,2006,2,59.376513217724764,64.68363250223118
boreal,YUGYDVA,7,248.48999999999998,1030464,2007,2,59.376513217724764,64.68363250223118
boreal,YUGYDVA,8,85.14,1030464,2008,2,59.376513217724764,64.68363250223118
boreal,YUGYDVA,9,152.54999999999998,1030464,2009,2,59.376513217724764,64.68363250223118
boreal,YUGYDVA,10,40.589999999999996,1030464,2010,2,59.376513217724764,64.68363250223118
boreal,YUGYDVA,11,582.48,1030464,2011,2,59.376513217724764,64.68363250223118
boreal,YUGYDVA,12,494.09999999999997,1030464,2012,2,59.376513217724764,64.68363250223118
boreal,YUGYDVA,13,317.52,1030464,2013,2,59.376513217724764,64.68363250223118
boreal,YUGYDVA,14,198,1030464,2014,2,59.376513217724764,64.68363250223118
boreal,YUKON,1,0.99,38304,2001,3,-148.91700752862343,66.5045083341004
boreal,YUKON,2,5.67,38304,2002,3,-148.91700752862343,66.5045083341004
boreal,YUKON,3,8.19,38304,2003,3,-148.91700752862343,66.5045083341004
boreal,YUKON,4,41.04,38304,2004,3,-148.91700752862343,66.5045083341004
boreal,YUKON,5,3982.5899999999997,38304,2005,3,-148.91700752862343,66.5045083341004
boreal,YUKON,6,370.89,38304,2006,3,-148.91700752862343,66.5045083341004
boreal,YUKON,7,501.65999999999997,38304,2007,3,-148.91700752862343,66.5045083341004
boreal,YUKON,8,12.69,38304,2008,3,-148.91700752862343,66.5045083341004
boreal,YUKON,9,0.63,38304,2009,3,-148.91700752862343,66.5045083341004
boreal,YUKON,10,10.53,38304,2010,3,-148.91700752862343,66.5045083341004
boreal,YUKON,11,4.77,38304,2011,3,-148.91700752862343,66.5045083341004
boreal,YUKON,12,2.79,38304,2012,3,-148.91700752862343,66.5045083341004
boreal,YUKON,13,8.91,38304,2013,3,-148.91700752862343,66.5045083341004
boreal,YUKON,14,0,38304,2014,3,-148.91700752862343,66.5045083341004
boreal,ZEYSKY,1,99.89999999999999,98064,2001,3,127.11689242723878,54.05568108288092
boreal,ZEYSKY,2,13.59,98064,2002,3,127.11689242723878,54.05568108288092
boreal,ZEYSKY,3,1341.99,98064,2003,3,127.11689242723878,54.05568108288092
boreal,ZEYSKY,4,3301.1099999999997,98064,2004,3,127.11689242723878,54.05568108288092
boreal,ZEYSKY,5,149.94,98064,2005,3,127.11689242723878,54.05568108288092
boreal,ZEYSKY,6,26.369999999999997,98064,2006,3,127.11689242723878,54.05568108288092
boreal,ZEYSKY,7,118.25999999999999,98064,2007,3,127.11689242723878,54.05568108288092
boreal,ZEYSKY,8,99.81,98064,2008,3,127.11689242723878,54.05568108288092
boreal,ZEYSKY,9,106.92,98064,2009,3,127.11689242723878,54.05568108288092
boreal,ZEYSKY,10,100.44,98064,2010,3,127.11689242723878,54.05568108288092
boreal,ZEYSKY,11,340.74,98064,2011,3,127.11689242723878,54.05568108288092
boreal,ZEYSKY,12,91.97999999999999,98064,2012,3,127.11689242723878,54.05568108288092
boreal,ZEYSKY,13,52.199999999999996,98064,2013,3,127.11689242723878,54.05568108288092
boreal,ZEYSKY,14,78.75,98064,2014,3,127.11689242723878,54.05568108288092
temperate,admirality,1,9.54,380880,2001,1,-134.40808105963123,57.66074398144862
temperate,admirality,2,16.56,380880,2002,1,-134.40808105963123,57.66074398144862
temperate,admirality,3,0.44999999999999996,380880,2003,1,-134.40808105963123,57.66074398144862
temperate,admirality,4,8.1,380880,2004,1,-134.40808105963123,57.66074398144862
temperate,admirality,5,2.6999999999999997,380880,2005,1,-134.40808105963123,57.66074398144862
temperate,admirality,6,8.1,380880,2006,1,-134.40808105963123,57.66074398144862
temperate,admirality,7,4.05,380880,2007,1,-134.40808105963123,57.66074398144862
temperate,admirality,8,0.18,380880,2008,1,-134.40808105963123,57.66074398144862
temperate,admirality,9,24.029999999999998,380880,2009,1,-134.40808105963123,57.66074398144862
temperate,admirality,10,7.739999999999999,380880,2010,1,-134.40808105963123,57.66074398144862
temperate,admirality,11,4.2299999999999995,380880,2011,1,-134.40808105963123,57.66074398144862
temperate,admirality,12,7.02,380880,2012,1,-134.40808105963123,57.66074398144862
temperate,admirality,13,19.8,380880,2013,1,-134.40808105963123,57.66074398144862
temperate,admirality,14,31.86,380880,2014,1,-134.40808105963123,57.66074398144862
temperate,bavarian,1,12.059999999999999,7056,2001,2,13.46286899505327,48.93970140825836
temperate,bavarian,2,14.399999999999999,7056,2002,2,13.46286899505327,48.93970140825836
temperate,bavarian,3,1.26,7056,2003,2,13.46286899505327,48.93970140825836
temperate,bavarian,4,193.32,7056,2004,2,13.46286899505327,48.93970140825836
temperate,bavarian,5,51.66,7056,2005,2,13.46286899505327,48.93970140825836
temperate,bavarian,6,20.16,7056,2006,2,13.46286899505327,48.93970140825836
temperate,bavarian,7,477.81,7056,2007,2,13.46286899505327,48.93970140825836
temperate,bavarian,8,131.22,7056,2008,2,13.46286899505327,48.93970140825836
temperate,bavarian,9,94.14,7056,2009,2,13.46286899505327,48.93970140825836
temperate,bavarian,10,7.83,7056,2010,2,13.46286899505327,48.93970140825836
temperate,bavarian,11,50.489999999999995,7056,2011,2,13.46286899505327,48.93970140825836
temperate,bavarian,12,7.83,7056,2012,2,13.46286899505327,48.93970140825836
temperate,bavarian,13,0.27,7056,2013,2,13.46286899505327,48.93970140825836
temperate,bavarian,14,3.2399999999999998,7056,2014,2,13.46286899505327,48.93970140825836
temperate,baxter,1,0.72,71856,2001,2,-68.93667013616692,46.00006002264432
temperate,baxter,2,2.07,71856,2002,2,-68.93667013616692,46.00006002264432
temperate,baxter,3,0,71856,2003,2,-68.93667013616692,46.00006002264432
temperate,baxter,4,60.75,71856,2004,2,-68.93667013616692,46.00006002264432
temperate,baxter,5,71.82,71856,2005,2,-68.93667013616692,46.00006002264432
temperate,baxter,6,1.71,71856,2006,2,-68.93667013616692,46.00006002264432
temperate,baxter,7,1.3499999999999999,71856,2007,2,-68.93667013616692,46.00006002264432
temperate,baxter,8,2.16,71856,2008,2,-68.93667013616692,46.00006002264432
temperate,baxter,9,0.36,71856,2009,2,-68.93667013616692,46.00006002264432
temperate,baxter,10,1.44,71856,2010,2,-68.93667013616692,46.00006002264432
temperate,baxter,11,0.09,71856,2011,2,-68.93667013616692,46.00006002264432
temperate,baxter,12,5.76,71856,2012,2,-68.93667013616692,46.00006002264432
temperate,baxter,13,1.6199999999999999,71856,2013,2,-68.93667013616692,46.00006002264432
temperate,baxter,14,1.3499999999999999,71856,2014,2,-68.93667013616692,46.00006002264432
temperate,cool,1,0,5760,2001,1,145.1327839204243,43.98166210063598
temperate,cool,2,0,5760,2002,1,145.1327839204243,43.98166210063598
temperate,cool,3,0,5760,2003,1,145.1327839204243,43.98166210063598
temperate,cool,4,0,5760,2004,1,145.1327839204243,43.98166210063598
temperate,cool,5,0,5760,2005,1,145.1327839204243,43.98166210063598
temperate,cool,6,0,5760,2006,1,145.1327839204243,43.98166210063598
temperate,cool,7,0,5760,2007,1,145.1327839204243,43.98166210063598
temperate,cool,8,0.18,5760,2008,1,145.1327839204243,43.98166210063598
temperate,cool,9,0,5760,2009,1,145.1327839204243,43.98166210063598
temperate,cool,10,0,5760,2010,1,145.1327839204243,43.98166210063598
temperate,cool,11,0,5760,2011,1,145.1327839204243,43.98166210063598
temperate,cool,12,0,5760,2012,1,145.1327839204243,43.98166210063598
temperate,cool,13,0,5760,2013,1,145.1327839204243,43.98166210063598
temperate,cool,14,0,5760,2014,1,145.1327839204243,43.98166210063598
temperate,fagaras,1,1.26,7776,2001,2,24.80368916210668,45.64615122355059
temperate,fagaras,2,5.31,7776,2002,2,24.80368916210668,45.64615122355059
temperate,fagaras,3,0.36,7776,2003,2,24.80368916210668,45.64615122355059
temperate,fagaras,4,10.08,7776,2004,2,24.80368916210668,45.64615122355059
temperate,fagaras,5,2.34,7776,2005,2,24.80368916210668,45.64615122355059
temperate,fagaras,6,0.63,7776,2006,2,24.80368916210668,45.64615122355059
temperate,fagaras,7,17.28,7776,2007,2,24.80368916210668,45.64615122355059
temperate,fagaras,8,38.699999999999996,7776,2008,2,24.80368916210668,45.64615122355059
temperate,fagaras,9,7.83,7776,2009,2,24.80368916210668,45.64615122355059
temperate,fagaras,10,4.59,7776,2010,2,24.80368916210668,45.64615122355059
temperate,fagaras,11,5.3999999999999995,7776,2011,2,24.80368916210668,45.64615122355059
temperate,fagaras,12,32.4,7776,2012,2,24.80368916210668,45.64615122355059
temperate,fagaras,13,51.03,7776,2013,2,24.80368916210668,45.64615122355059
temperate,fagaras,14,50.85,7776,2014,2,24.80368916210668,45.64615122355059
temperate,feng,1,24.39,18000,2001,2,129.10375684242217,48.12419592550166
temperate,feng,2,0.18,18000,2002,2,129.10375684242217,48.12419592550166
temperate,feng,3,1.98,18000,2003,2,129.10375684242217,48.12419592550166
temperate,feng,4,22.86,18000,2004,2,129.10375684242217,48.12419592550166
temperate,feng,5,5.04,18000,2005,2,129.10375684242217,48.12419592550166
temperate,feng,6,73.44,18000,2006,2,129.10375684242217,48.12419592550166
temperate,feng,7,1.3499999999999999,18000,2007,2,129.10375684242217,48.12419592550166
temperate,feng,8,38.43,18000,2008,2,129.10375684242217,48.12419592550166
temperate,feng,9,1.53,18000,2009,2,129.10375684242217,48.12419592550166
temperate,feng,10,34.74,18000,2010,2,129.10375684242217,48.12419592550166
temperate,feng,11,13.139999999999999,18000,2011,2,129.10375684242217,48.12419592550166
temperate,feng,12,5.67,18000,2012,2,129.10375684242217,48.12419592550166
temperate,feng,13,4.05,18000,2013,2,129.10375684242217,48.12419592550166
temperate,feng,14,7.02,18000,2014,2,129.10375684242217,48.12419592550166
temperate,flattops,1,8.549999999999999,43344,2001,3,-107.26822642087457,39.95237348866568
temperate,flattops,2,1346.76,43344,2002,3,-107.26822642087457,39.95237348866568
temperate,flattops,3,540.18,43344,2003,3,-107.26822642087457,39.95237348866568
temperate,flattops,4,0.8099999999999999,43344,2004,3,-107.26822642087457,39.95237348866568
temperate,flattops,5,20.61,43344,2005,3,-107.26822642087457,39.95237348866568
temperate,flattops,6,13.139999999999999,43344,2006,3,-107.26822642087457,39.95237348866568
temperate,flattops,7,2.25,43344,2007,3,-107.26822642087457,39.95237348866568
temperate,flattops,8,1814.1299999999999,43344,2008,3,-107.26822642087457,39.95237348866568
temperate,flattops,9,7.739999999999999,43344,2009,3,-107.26822642087457,39.95237348866568
temperate,flattops,10,380.88,43344,2010,3,-107.26822642087457,39.95237348866568
temperate,flattops,11,15.66,43344,2011,3,-107.26822642087457,39.95237348866568
temperate,flattops,12,1.7999999999999998,43344,2012,3,-107.26822642087457,39.95237348866568
temperate,flattops,13,13.32,43344,2013,3,-107.26822642087457,39.95237348866568
temperate,flattops,14,9.81,43344,2014,3,-107.26822642087457,39.95237348866568
temperate,glacier,1,7101.54,665712,2001,3,-113.17359526675278,47.70131922996368
temperate,glacier,2,7754.67,665712,2002,3,-113.17359526675278,47.70131922996368
temperate,glacier,3,15636.96,665712,2003,3,-113.17359526675278,47.70131922996368
temperate,glacier,4,44684.46,665712,2004,3,-113.17359526675278,47.70131922996368
temperate,glacier,5,2205.09,665712,2005,3,-113.17359526675278,47.70131922996368
temperate,glacier,6,4768.92,665712,2006,3,-113.17359526675278,47.70131922996368
temperate,glacier,7,22186.53,665712,2007,3,-113.17359526675278,47.70131922996368
temperate,glacier,8,16028.279999999999,665712,2008,3,-113.17359526675278,47.70131922996368
temperate,glacier,9,900.99,665712,2009,3,-113.17359526675278,47.70131922996368
temperate,glacier,10,1955.34,665712,2010,3,-113.17359526675278,47.70131922996368
temperate,glacier,11,2302.47,665712,2011,3,-113.17359526675278,47.70131922996368
temperate,glacier,12,7119.179999999999,665712,2012,3,-113.17359526675278,47.70131922996368
temperate,glacier,13,2523.15,665712,2013,3,-113.17359526675278,47.70131922996368
temperate,glacier,14,645.84,665712,2014,3,-113.17359526675278,47.70131922996368
temperate,hainich,1,2.88,4176,2001,2,10.439422219339347,51.07193547027771
temperate,hainich,2,1.7999999999999998,4176,2002,2,10.439422219339347,51.07193547027771
temperate,hainich,3,0,4176,2003,2,10.439422219339347,51.07193547027771
temperate,hainich,4,1.26,4176,2004,2,10.439422219339347,51.07193547027771
temperate,hainich,5,3.8699999999999997,4176,2005,2,10.439422219339347,51.07193547027771
temperate,hainich,6,3.2399999999999998,4176,2006,2,10.439422219339347,51.07193547027771
temperate,hainich,7,0.8099999999999999,4176,2007,2,10.439422219339347,51.07193547027771
temperate,hainich,8,7.739999999999999,4176,2008,2,10.439422219339347,51.07193547027771
temperate,hainich,9,0.27,4176,2009,2,10.439422219339347,51.07193547027771
temperate,hainich,10,0.36,4176,2010,2,10.439422219339347,51.07193547027771
temperate,hainich,11,0.18,4176,2011,2,10.439422219339347,51.07193547027771
temperate,hainich,12,2.4299999999999997,4176,2012,2,10.439422219339347,51.07193547027771
temperate,hainich,13,0,4176,2013,2,10.439422219339347,51.07193547027771
temperate,hainich,14,0,4176,2014,2,10.439422219339347,51.07193547027771
temperate,hightatra,1,11.34,4752,2001,2,19.948094316411943,49.19292559998478
temperate,hightatra,2,0.72,4752,2002,2,19.948094316411943,49.19292559998478
temperate,hightatra,3,9.99,4752,2003,2,19.948094316411943,49.19292559998478
temperate,hightatra,4,5.04,4752,2004,2,19.948094316411943,49.19292559998478
temperate,hightatra,5,83.34,4752,2005,2,19.948094316411943,49.19292559998478
temperate,hightatra,6,19.08,4752,2006,2,19.948094316411943,49.19292559998478
temperate,hightatra,7,4.32,4752,2007,2,19.948094316411943,49.19292559998478
temperate,hightatra,8,106.2,4752,2008,2,19.948094316411943,49.19292559998478
temperate,hightatra,9,27,4752,2009,2,19.948094316411943,49.19292559998478
temperate,hightatra,10,28.98,4752,2010,2,19.948094316411943,49.19292559998478
temperate,hightatra,11,27.09,4752,2011,2,19.948094316411943,49.19292559998478
temperate,hightatra,12,1.7999999999999998,4752,2012,2,19.948094316411943,49.19292559998478
temperate,hightatra,13,1.44,4752,2013,2,19.948094316411943,49.19292559998478
temperate,hightatra,14,22.68,4752,2014,2,19.948094316411943,49.19292559998478
temperate,illi,1,144.54,24336,2001,2,-119.50187996263548,37.657344896369146
temperate,illi,2,14.85,24336,2002,2,-119.50187996263548,37.657344896369146
temperate,illi,3,6.93,24336,2003,2,-119.50187996263548,37.657344896369146
temperate,illi,4,267.3,24336,2004,2,-119.50187996263548,37.657344896369146
temperate,illi,5,126.99,24336,2005,2,-119.50187996263548,37.657344896369146
temperate,illi,6,57.87,24336,2006,2,-119.50187996263548,37.657344896369146
temperate,illi,7,8.549999999999999,24336,2007,2,-119.50187996263548,37.657344896369146
temperate,illi,8,5.49,24336,2008,2,-119.50187996263548,37.657344896369146
temperate,illi,9,10.26,24336,2009,2,-119.50187996263548,37.657344896369146
temperate,illi,10,747.18,24336,2010,2,-119.50187996263548,37.657344896369146
temperate,illi,11,26.73,24336,2011,2,-119.50187996263548,37.657344896369146
temperate,illi,12,18.99,24336,2012,2,-119.50187996263548,37.657344896369146
temperate,illi,13,40.86,24336,2013,2,-119.50187996263548,37.657344896369146
temperate,illi,14,146.25,24336,2014,2,-119.50187996263548,37.657344896369146
temperate,kalkalpen,1,10.35,14112,2001,2,14.39323543140843,47.77006703064983
temperate,kalkalpen,2,9.09,14112,2002,2,14.39323543140843,47.77006703064983
temperate,kalkalpen,3,1.98,14112,2003,2,14.39323543140843,47.77006703064983
temperate,kalkalpen,4,12.87,14112,2004,2,14.39323543140843,47.77006703064983
temperate,kalkalpen,5,26.73,14112,2005,2,14.39323543140843,47.77006703064983
temperate,kalkalpen,6,4.41,14112,2006,2,14.39323543140843,47.77006703064983
temperate,kalkalpen,7,62.82,14112,2007,2,14.39323543140843,47.77006703064983
temperate,kalkalpen,8,62.19,14112,2008,2,14.39323543140843,47.77006703064983
temperate,kalkalpen,9,60.48,14112,2009,2,14.39323543140843,47.77006703064983
temperate,kalkalpen,10,60.39,14112,2010,2,14.39323543140843,47.77006703064983
temperate,kalkalpen,11,72.99,14112,2011,2,14.39323543140843,47.77006703064983
temperate,kalkalpen,12,2.34,14112,2012,2,14.39323543140843,47.77006703064983
temperate,kalkalpen,13,0.09,14112,2013,2,14.39323543140843,47.77006703064983
temperate,kalkalpen,14,0.18,14112,2014,2,14.39323543140843,47.77006703064983
temperate,kellerwald,1,0.09,5472,2001,2,8.97782753839907,51.14663917534673
temperate,kellerwald,2,0.27,5472,2002,2,8.97782753839907,51.14663917534673
temperate,kellerwald,3,0,5472,2003,2,8.97782753839907,51.14663917534673
temperate,kellerwald,4,24.66,5472,2004,2,8.97782753839907,51.14663917534673
temperate,kellerwald,5,42.66,5472,2005,2,8.97782753839907,51.14663917534673
temperate,kellerwald,6,18.54,5472,2006,2,8.97782753839907,51.14663917534673
temperate,kellerwald,7,12.33,5472,2007,2,8.97782753839907,51.14663917534673
temperate,kellerwald,8,19.08,5472,2008,2,8.97782753839907,51.14663917534673
temperate,kellerwald,9,8.37,5472,2009,2,8.97782753839907,51.14663917534673
temperate,kellerwald,10,83.16,5472,2010,2,8.97782753839907,51.14663917534673
temperate,kellerwald,11,0.09,5472,2011,2,8.97782753839907,51.14663917534673
temperate,kellerwald,12,0.18,5472,2012,2,8.97782753839907,51.14663917534673
temperate,kellerwald,13,0.36,5472,2013,2,8.97782753839907,51.14663917534673
temperate,kellerwald,14,0,5472,2014,2,8.97782753839907,51.14663917534673
temperate,malakisis,1,0.36,3024,2001,1,-78.64131715032099,46.70801154063192
temperate,malakisis,2,0.18,3024,2002,1,-78.64131715032099,46.70801154063192
temperate,malakisis,3,0,3024,2003,1,-78.64131715032099,46.70801154063192
temperate,malakisis,4,0,3024,2004,1,-78.64131715032099,46.70801154063192
temperate,malakisis,5,0,3024,2005,1,-78.64131715032099,46.70801154063192
temperate,malakisis,6,0.8099999999999999,3024,2006,1,-78.64131715032099,46.70801154063192
temperate,malakisis,7,0.44999999999999996,3024,2007,1,-78.64131715032099,46.70801154063192
temperate,malakisis,8,0.27,3024,2008,1,-78.64131715032099,46.70801154063192
temperate,malakisis,9,0.18,3024,2009,1,-78.64131715032099,46.70801154063192
temperate,malakisis,10,0.09,3024,2010,1,-78.64131715032099,46.70801154063192
temperate,malakisis,11,0.09,3024,2011,1,-78.64131715032099,46.70801154063192
temperate,malakisis,12,0.44999999999999996,3024,2012,1,-78.64131715032099,46.70801154063192
temperate,malakisis,13,2.16,3024,2013,1,-78.64131715032099,46.70801154063192
temperate,malakisis,14,0.8099999999999999,3024,2014,1,-78.64131715032099,46.70801154063192
temperate,muritz,1,1.17,3312,2001,1,12.86780579831926,53.42978985587187
temperate,muritz,2,0.27,3312,2002,1,12.86780579831926,53.42978985587187
temperate,muritz,3,0,3312,2003,1,12.86780579831926,53.42978985587187
temperate,muritz,4,8.459999999999999,3312,2004,1,12.86780579831926,53.42978985587187
temperate,muritz,5,3.69,3312,2005,1,12.86780579831926,53.42978985587187
temperate,muritz,6,2.07,3312,2006,1,12.86780579831926,53.42978985587187
temperate,muritz,7,0.72,3312,2007,1,12.86780579831926,53.42978985587187
temperate,muritz,8,4.5,3312,2008,1,12.86780579831926,53.42978985587187
temperate,muritz,9,3.69,3312,2009,1,12.86780579831926,53.42978985587187
temperate,muritz,10,0.99,3312,2010,1,12.86780579831926,53.42978985587187
temperate,muritz,11,2.6999999999999997,3312,2011,1,12.86780579831926,53.42978985587187
temperate,muritz,12,5.13,3312,2012,1,12.86780579831926,53.42978985587187
temperate,muritz,13,1.71,3312,2013,1,12.86780579831926,53.42978985587187
temperate,muritz,14,0.09,3312,2014,1,12.86780579831926,53.42978985587187
temperate,ozarks,1,0,7200,2001,2,-93.1941808620808,35.72936294538426
temperate,ozarks,2,0,7200,2002,2,-93.1941808620808,35.72936294538426
temperate,ozarks,3,0.18,7200,2003,2,-93.1941808620808,35.72936294538426
temperate,ozarks,4,0.63,7200,2004,2,-93.1941808620808,35.72936294538426
temperate,ozarks,5,0.18,7200,2005,2,-93.1941808620808,35.72936294538426
temperate,ozarks,6,0.36,7200,2006,2,-93.1941808620808,35.72936294538426
temperate,ozarks,7,0,7200,2007,2,-93.1941808620808,35.72936294538426
temperate,ozarks,8,0,7200,2008,2,-93.1941808620808,35.72936294538426
temperate,ozarks,9,1.3499999999999999,7200,2009,2,-93.1941808620808,35.72936294538426
temperate,ozarks,10,0.8099999999999999,7200,2010,2,-93.1941808620808,35.72936294538426
temperate,ozarks,11,0.18,7200,2011,2,-93.1941808620808,35.72936294538426
temperate,ozarks,12,0.18,7200,2012,2,-93.1941808620808,35.72936294538426
temperate,ozarks,13,4.2299999999999995,7200,2013,2,-93.1941808620808,35.72936294538426
temperate,ozarks,14,0,7200,2014,2,-93.1941808620808,35.72936294538426
temperate,perucie,1,0,1296,2001,1,18.711013515024707,43.30790284764864
temperate,perucie,2,0,1296,2002,1,18.711013515024707,43.30790284764864
temperate,perucie,3,0,1296,2003,1,18.711013515024707,43.30790284764864
temperate,perucie,4,1.3499999999999999,1296,2004,1,18.711013515024707,43.30790284764864
temperate,perucie,5,0,1296,2005,1,18.711013515024707,43.30790284764864
temperate,perucie,6,0,1296,2006,1,18.711013515024707,43.30790284764864
temperate,perucie,7,0,1296,2007,1,18.711013515024707,43.30790284764864
temperate,perucie,8,0,1296,2008,1,18.711013515024707,43.30790284764864
temperate,perucie,9,0.36,1296,2009,1,18.711013515024707,43.30790284764864
temperate,perucie,10,0,1296,2010,1,18.711013515024707,43.30790284764864
temperate,perucie,11,0.63,1296,2011,1,18.711013515024707,43.30790284764864
temperate,perucie,12,0,1296,2012,1,18.711013515024707,43.30790284764864
temperate,perucie,13,0,1296,2013,1,18.711013515024707,43.30790284764864
temperate,perucie,14,0,1296,2014,1,18.711013515024707,43.30790284764864
temperate,ponds,1,0.36,13392,2001,1,-74.95478531358069,44.01020482890455
temperate,ponds,2,0.27,13392,2002,1,-74.95478531358069,44.01020482890455
temperate,ponds,3,0,13392,2003,1,-74.95478531358069,44.01020482890455
temperate,ponds,4,0.44999999999999996,13392,2004,1,-74.95478531358069,44.01020482890455
temperate,ponds,5,0.99,13392,2005,1,-74.95478531358069,44.01020482890455
temperate,ponds,6,0,13392,2006,1,-74.95478531358069,44.01020482890455
temperate,ponds,7,0.27,13392,2007,1,-74.95478531358069,44.01020482890455
temperate,ponds,8,0,13392,2008,1,-74.95478531358069,44.01020482890455
temperate,ponds,9,0.18,13392,2009,1,-74.95478531358069,44.01020482890455
temperate,ponds,10,0.36,13392,2010,1,-74.95478531358069,44.01020482890455
temperate,ponds,11,0,13392,2011,1,-74.95478531358069,44.01020482890455
temperate,ponds,12,0.36,13392,2012,1,-74.95478531358069,44.01020482890455
temperate,ponds,13,0.8999999999999999,13392,2013,1,-74.95478531358069,44.01020482890455
temperate,ponds,14,1.71,13392,2014,1,-74.95478531358069,44.01020482890455
temperate,porcupine,1,0.8099999999999999,25056,2001,2,-89.77250057663416,46.76334608351305
temperate,porcupine,2,0.18,25056,2002,2,-89.77250057663416,46.76334608351305
temperate,porcupine,3,0.99,25056,2003,2,-89.77250057663416,46.76334608351305
temperate,porcupine,4,3.15,25056,2004,2,-89.77250057663416,46.76334608351305
temperate,porcupine,5,2.25,25056,2005,2,-89.77250057663416,46.76334608351305
temperate,porcupine,6,0.8099999999999999,25056,2006,2,-89.77250057663416,46.76334608351305
temperate,porcupine,7,0.54,25056,2007,2,-89.77250057663416,46.76334608351305
temperate,porcupine,8,1.71,25056,2008,2,-89.77250057663416,46.76334608351305
temperate,porcupine,9,0.09,25056,2009,2,-89.77250057663416,46.76334608351305
temperate,porcupine,10,2.88,25056,2010,2,-89.77250057663416,46.76334608351305
temperate,porcupine,11,1.3499999999999999,25056,2011,2,-89.77250057663416,46.76334608351305
temperate,porcupine,12,0.54,25056,2012,2,-89.77250057663416,46.76334608351305
temperate,porcupine,13,12.33,25056,2013,2,-89.77250057663416,46.76334608351305
temperate,porcupine,14,1.44,25056,2014,2,-89.77250057663416,46.76334608351305
temperate,reed,1,0,1872,2001,2,-69.07098309586529,46.34940208788597
temperate,reed,2,0,1872,2002,2,-69.07098309586529,46.34940208788597
temperate,reed,3,0,1872,2003,2,-69.07098309586529,46.34940208788597
temperate,reed,4,0.09,1872,2004,2,-69.07098309586529,46.34940208788597
temperate,reed,5,0.09,1872,2005,2,-69.07098309586529,46.34940208788597
temperate,reed,6,0,1872,2006,2,-69.07098309586529,46.34940208788597
temperate,reed,7,0.36,1872,2007,2,-69.07098309586529,46.34940208788597
temperate,reed,8,0,1872,2008,2,-69.07098309586529,46.34940208788597
temperate,reed,9,0,1872,2009,2,-69.07098309586529,46.34940208788597
temperate,reed,10,0,1872,2010,2,-69.07098309586529,46.34940208788597
temperate,reed,11,0.18,1872,2011,2,-69.07098309586529,46.34940208788597
temperate,reed,12,1.08,1872,2012,2,-69.07098309586529,46.34940208788597
temperate,reed,13,0.44999999999999996,1872,2013,2,-69.07098309586529,46.34940208788597
temperate,reed,14,0,1872,2014,2,-69.07098309586529,46.34940208788597
temperate,risnjak,1,0,3312,2001,2,14.646621346416152,45.43257357671387
temperate,risnjak,2,0,3312,2002,2,14.646621346416152,45.43257357671387
temperate,risnjak,3,0,3312,2003,2,14.646621346416152,45.43257357671387
temperate,risnjak,4,0,3312,2004,2,14.646621346416152,45.43257357671387
temperate,risnjak,5,0,3312,2005,2,14.646621346416152,45.43257357671387
temperate,risnjak,6,0,3312,2006,2,14.646621346416152,45.43257357671387
temperate,risnjak,7,0,3312,2007,2,14.646621346416152,45.43257357671387
temperate,risnjak,8,0,3312,2008,2,14.646621346416152,45.43257357671387
temperate,risnjak,9,0,3312,2009,2,14.646621346416152,45.43257357671387
temperate,risnjak,10,0.18,3312,2010,2,14.646621346416152,45.43257357671387
temperate,risnjak,11,0.18,3312,2011,2,14.646621346416152,45.43257357671387
temperate,risnjak,12,0,3312,2012,2,14.646621346416152,45.43257357671387
temperate,risnjak,13,0,3312,2013,2,14.646621346416152,45.43257357671387
temperate,risnjak,14,1.98,3312,2014,2,14.646621346416152,45.43257357671387
temperate,sub,1,0.09,46512,2001,2,145.12156503821,44.08833103513054
temperate,sub,2,0.18,46512,2002,2,145.12156503821,44.08833103513054
temperate,sub,3,0,46512,2003,2,145.12156503821,44.08833103513054
temperate,sub,4,0.09,46512,2004,2,145.12156503821,44.08833103513054
temperate,sub,5,0.8999999999999999,46512,2005,2,145.12156503821,44.08833103513054
temperate,sub,6,0,46512,2006,2,145.12156503821,44.08833103513054
temperate,sub,7,0.63,46512,2007,2,145.12156503821,44.08833103513054
temperate,sub,8,2.07,46512,2008,2,145.12156503821,44.08833103513054
temperate,sub,9,0,46512,2009,2,145.12156503821,44.08833103513054
temperate,sub,10,0,46512,2010,2,145.12156503821,44.08833103513054
temperate,sub,11,0,46512,2011,2,145.12156503821,44.08833103513054
temperate,sub,12,0.09,46512,2012,2,145.12156503821,44.08833103513054
temperate,sub,13,0.18,46512,2013,2,145.12156503821,44.08833103513054
temperate,sub,14,0.09,46512,2014,2,145.12156503821,44.08833103513054
temperate,sumava,1,0.09,2016,2001,2,13.458402773612544,48.99036226315622
temperate,sumava,2,3.51,2016,2002,2,13.458402773612544,48.99036226315622
temperate,sumava,3,0,2016,2003,2,13.458402773612544,48.99036226315622
temperate,sumava,4,153.18,2016,2004,2,13.458402773612544,48.99036226315622
temperate,sumava,5,33.21,2016,2005,2,13.458402773612544,48.99036226315622
temperate,sumava,6,0.72,2016,2006,2,13.458402773612544,48.99036226315622
temperate,sumava,7,23.22,2016,2007,2,13.458402773612544,48.99036226315622
temperate,sumava,8,18.27,2016,2008,2,13.458402773612544,48.99036226315622
temperate,sumava,9,53.19,2016,2009,2,13.458402773612544,48.99036226315622
temperate,sumava,10,57.419999999999995,2016,2010,2,13.458402773612544,48.99036226315622
temperate,sumava,11,181.98,2016,2011,2,13.458402773612544,48.99036226315622
temperate,sumava,12,76.77,2016,2012,2,13.458402773612544,48.99036226315622
temperate,sumava,13,1.08,2016,2013,2,13.458402773612544,48.99036226315622
temperate,sumava,14,20.97,2016,2014,2,13.458402773612544,48.99036226315622
temperate,sylvania,1,0.27,6336,2001,1,-89.294214752857485,46.21101956240995
temperate,sylvania,2,0.54,6336,2002,1,-89.294214752857485,46.21101956240995
temperate,sylvania,3,1.26,6336,2003,1,-89.294214752857485,46.21101956240995
temperate,sylvania,4,0.36,6336,2004,1,-89.294214752857485,46.21101956240995
temperate,sylvania,5,1.71,6336,2005,1,-89.294214752857485,46.21101956240995
temperate,sylvania,6,0.99,6336,2006,1,-89.294214752857485,46.21101956240995
temperate,sylvania,7,1.26,6336,2007,1,-89.294214752857485,46.21101956240995
temperate,sylvania,8,0.18,6336,2008,1,-89.294214752857485,46.21101956240995
temperate,sylvania,9,1.08,6336,2009,1,-89.294214752857485,46.21101956240995
temperate,sylvania,10,0.99,6336,2010,1,-89.294214752857485,46.21101956240995
temperate,sylvania,11,0.18,6336,2011,1,-89.294214752857485,46.21101956240995
temperate,sylvania,12,0.72,6336,2012,1,-89.294214752857485,46.21101956240995
temperate,sylvania,13,0.27,6336,2013,1,-89.294214752857485,46.21101956240995
temperate,sylvania,14,0.09,6336,2014,1,-89.294214752857485,46.21101956240995
temperate,uholka,1,0.18,5472,2001,1,23.66589052036905,48.27463913314127
temperate,uholka,2,0.27,5472,2002,1,23.66589052036905,48.27463913314127
temperate,uholka,3,0.27,5472,2003,1,23.66589052036905,48.27463913314127
temperate,uholka,4,1.7999999999999998,5472,2004,1,23.66589052036905,48.27463913314127
temperate,uholka,5,0.8099999999999999,5472,2005,1,23.66589052036905,48.27463913314127
temperate,uholka,6,1.08,5472,2006,1,23.66589052036905,48.27463913314127
temperate,uholka,7,1.3499999999999999,5472,2007,1,23.66589052036905,48.27463913314127
temperate,uholka,8,0.54,5472,2008,1,23.66589052036905,48.27463913314127
temperate,uholka,9,0.27,5472,2009,1,23.66589052036905,48.27463913314127
temperate,uholka,10,5.58,5472,2010,1,23.66589052036905,48.27463913314127
temperate,uholka,11,0.44999999999999996,5472,2011,1,23.66589052036905,48.27463913314127
temperate,uholka,12,0.44999999999999996,5472,2012,1,23.66589052036905,48.27463913314127
temperate,uholka,13,0,5472,2013,1,23.66589052036905,48.27463913314127
temperate,uholka,14,0,5472,2014,1,23.66589052036905,48.27463913314127
temperate,weminuche,1,753.75,69984,2001,3,-107.28667376128337,37.60331557116128
temperate,weminuche,2,998.28,69984,2002,3,-107.28667376128337,37.60331557116128
temperate,weminuche,3,939.15,69984,2003,3,-107.28667376128337,37.60331557116128
temperate,weminuche,4,764.37,69984,2004,3,-107.28667376128337,37.60331557116128
temperate,weminuche,5,637.92,69984,2005,3,-107.28667376128337,37.60331557116128
temperate,weminuche,6,93.14999999999999,69984,2006,3,-107.28667376128337,37.60331557116128
temperate,weminuche,7,1130.85,69984,2007,3,-107.28667376128337,37.60331557116128
temperate,weminuche,8,285.65999999999997,69984,2008,3,-107.28667376128337,37.60331557116128
temperate,weminuche,9,247.14,69984,2009,3,-107.28667376128337,37.60331557116128
temperate,weminuche,10,882.7199999999999,69984,2010,3,-107.28667376128337,37.60331557116128
temperate,weminuche,11,387.36,69984,2011,3,-107.28667376128337,37.60331557116128
temperate,weminuche,12,185.48999999999998,69984,2012,3,-107.28667376128337,37.60331557116128
temperate,weminuche,13,4654.44,69984,2013,3,-107.28667376128337,37.60331557116128
temperate,weminuche,14,99.36,69984,2014,3,-107.28667376128337,37.60331557116128
temperate,yellowstone,1,9678.33,827568,2001,3,-110.30559793548129,44.5348739794386
temperate,yellowstone,2,6371.73,827568,2002,3,-110.30559793548129,44.5348739794386
temperate,yellowstone,3,3031.65,827568,2003,3,-110.30559793548129,44.5348739794386
temperate,yellowstone,4,6977.07,827568,2004,3,-110.30559793548129,44.5348739794386
temperate,yellowstone,5,2330.8199999999997,827568,2005,3,-110.30559793548129,44.5348739794386
temperate,yellowstone,6,1291.4099999999999,827568,2006,3,-110.30559793548129,44.5348739794386
temperate,yellowstone,7,8957.25,827568,2007,3,-110.30559793548129,44.5348739794386
temperate,yellowstone,8,10604.699999999999,827568,2008,3,-110.30559793548129,44.5348739794386
temperate,yellowstone,9,3274.3799999999997,827568,2009,3,-110.30559793548129,44.5348739794386
temperate,yellowstone,10,2941.92,827568,2010,3,-110.30559793548129,44.5348739794386
temperate,yellowstone,11,8015.4,827568,2011,3,-110.30559793548129,44.5348739794386
temperate,yellowstone,12,4475.88,827568,2012,3,-110.30559793548129,44.5348739794386
temperate,yellowstone,13,6631.2,827568,2013,3,-110.30559793548129,44.5348739794386
temperate,yellowstone,14,4468.23,827568,2014,3,-110.30559793548129,44.5348739794386
temperate,zirkel,1,59.4,32256,2001,3,-106.7017570612496,40.76846946847521
temperate,zirkel,2,118.25999999999999,32256,2002,3,-106.7017570612496,40.76846946847521
temperate,zirkel,3,95.13,32256,2003,3,-106.7017570612496,40.76846946847521
temperate,zirkel,4,115.56,32256,2004,3,-106.7017570612496,40.76846946847521
temperate,zirkel,5,809.8199999999999,32256,2005,3,-106.7017570612496,40.76846946847521
temperate,zirkel,6,57.87,32256,2006,3,-106.7017570612496,40.76846946847521
temperate,zirkel,7,599.31,32256,2007,3,-106.7017570612496,40.76846946847521
temperate,zirkel,8,1535.3999999999999,32256,2008,3,-106.7017570612496,40.76846946847521
temperate,zirkel,9,31.049999999999997,32256,2009,3,-106.7017570612496,40.76846946847521
temperate,zirkel,10,1448.46,32256,2010,3,-106.7017570612496,40.76846946847521
temperate,zirkel,11,822.87,32256,2011,3,-106.7017570612496,40.76846946847521
temperate,zirkel,12,3.5999999999999996,32256,2012,3,-106.7017570612496,40.76846946847521
temperate,zirkel,13,11.879999999999999,32256,2013,3,-106.7017570612496,40.76846946847521
temperate,zirkel,14,5.67,32256,2014,3,-106.7017570612496,40.76846946847521
